person_id,name,dob,gender,city
P00001,Salman Pillai,1964-11-09,Other,Kolkata
P00002,Naveen Khan,1976-08-28,Male,Surat
P00003,Neha Mehta,2003-07-21,Other,Patna
P00004,Riya Menon,1982-01-25,Male,Ahmedabad
P00005,Aditya Ansari,1981-06-19,Female,Jaipur
P00006,Rohan Iyer,1998-08-06,Other,Chandigarh
P00007,Meera Pillai,1993-12-21,Female,Surat
P00008,Diya Mehta,1969-07-02,Male,Patna
P00009,Naveen Mehta,1999-10-12,Female,Ranchi
P00010,Shreya Rao,1974-12-04,Male,Visakhapatnam
P00011,Lakshmi Singh,1963-03-17,Male,Chennai
P00012,Fatima Nair,1988-09-22,Other,Bengaluru
P00013,Neha Chopra,2000-07-19,Female,Visakhapatnam
P00014,Rahul Mukherjee,1960-10-12,Other,Hyderabad
P00015,Salman Mirza,1996-07-16,Female,Chandigarh
P00016,Reyansh Desai,1989-08-02,Male,Surat
P00017,Aarav Khan,1977-12-03,Other,Kolkata
P00018,Harish Qureshi,1967-03-29,Other,Lucknow
P00019,Fatima Das,2001-06-10,Male,Chennai
P00020,Deepak Sheikh,1970-12-29,Other,Visakhapatnam
P00021,Aarav Chatterjee,1982-01-21,Female,Mumbai
P00022,Reyansh Qureshi,1984-09-12,Female,Ahmedabad
P00023,Arjun Gupta,1998-08-10,Male,Bengaluru
P00024,Rizwan Verma,1964-09-16,Other,Chennai
P00025,Ananya Menon,1992-05-05,Other,Kolkata
P00026,Rahul Das,2001-04-11,Female,Pune
P00027,Naveen Sheikh,1973-09-08,Other,Lucknow
P00028,Shreya Menon,2004-03-22,Female,Surat
P00029,Gopal Kapoor,1968-03-26,Male,Ahmedabad
P00030,Rohan Joshi,1961-06-06,Other,Patna
P00031,Riya Banerjee,1974-12-26,Male,Bengaluru
P00032,Sana Pillai,1964-01-03,Male,Bengaluru
P00033,Aditya Hussain,1982-06-26,Male,Visakhapatnam
P00034,Pooja Mehta,2005-07-10,Female,Pune
P00035,Naveen Reddy,1998-11-10,Other,Kochi
P00036,Pooja Ansari,1992-03-08,Female,Pune
P00037,Ishaan Kumar,2004-11-04,Female,Indore
P00038,Nisha Malhotra,1991-10-12,Other,Delhi
P00039,Salman Pillai,2003-12-21,Male,Delhi
P00040,Shreya Khan,1983-02-02,Male,Ahmedabad
P00041,Sneha Iyer,1996-06-29,Female,Chennai
P00042,Nisha Nair,1978-12-15,Female,Ahmedabad
P00043,Rohan Kapoor,1997-06-13,Male,Delhi
P00044,Zara Mukherjee,1961-01-01,Male,Ahmedabad
P00045,Priya Malhotra,1993-01-17,Female,Pune
P00046,Shreya Mirza,1963-12-28,Male,Bhopal
P00047,Aarav Chopra,1978-01-17,Female,Lucknow
P00048,Nisha Naik,1997-10-26,Other,Kochi
P00049,Diya Iyer,1980-03-10,Male,Delhi
P00050,Ramesh Khan,1996-11-23,Male,Chandigarh
P00051,Arjun Patel,1999-10-02,Female,Visakhapatnam
P00052,Gopal Nair,1963-11-14,Other,Bengaluru
P00053,Kavya Singh,2000-06-28,Male,Ahmedabad
P00054,Shreya Kumar,1998-10-07,Male,Ranchi
P00055,Sunil Patel,2002-02-23,Male,Nagpur
P00056,Imran Banerjee,1998-06-18,Other,Chandigarh
P00057,Rahul Iyer,2005-07-29,Other,Chandigarh
P00058,Pooja Mehta,1986-12-07,Male,Lucknow
P00059,Pallavi Joshi,1964-12-08,Male,Surat
P00060,Vinod Banerjee,1966-10-21,Male,Patna
P00061,Meera Das,1978-01-17,Male,Indore
P00062,Rohan Mirza,1976-08-15,Female,Lucknow
P00063,Priya Kapoor,1996-12-18,Other,Lucknow
P00064,Vinod Ansari,2004-07-02,Other,Mumbai
P00065,Imran Ali,1997-09-27,Female,Hyderabad
P00066,Ananya Mehta,1967-11-08,Male,Patna
P00067,Diya Mehta,1979-03-05,Other,Pune
P00068,Sana Joshi,1973-11-08,Other,Jaipur
P00069,Harish Verma,1977-02-01,Male,Bengaluru
P00070,Fatima Malhotra,1978-10-29,Male,Mumbai
P00071,Sanjay Sheikh,1968-11-25,Other,Jaipur
P00072,Priya Khan,1990-01-24,Other,Nagpur
P00073,Prakash Sharma,1967-08-12,Male,Chennai
P00074,Naveen Patel,1985-02-14,Other,Patna
P00075,Diya Malhotra,1968-09-02,Male,Lucknow
P00076,Deepak Mirza,1962-09-18,Female,Pune
P00077,Salman Gupta,2005-05-20,Male,Indore
P00078,Prakash Mirza,1987-08-27,Other,Chennai
P00079,Pooja Hussain,1971-01-22,Male,Nagpur
P00080,Vivaan Nair,1982-08-09,Female,Ahmedabad
P00081,Amit Nair,1967-05-10,Female,Delhi
P00082,Kiran Gupta,1973-07-31,Female,Indore
P00083,Rajesh Ali,1975-06-27,Male,Mumbai
P00084,Imran Iyer,1987-02-11,Female,Jaipur
P00085,Rohan Sheikh,1978-12-29,Female,Visakhapatnam
P00086,Shreya Menon,1996-06-27,Female,Mumbai
P00087,Reyansh Mirza,1977-10-10,Male,Ranchi
P00088,Rahul Patel,1967-05-18,Other,Nagpur
P00089,Manoj Khan,1981-05-06,Female,Guwahati
P00090,Harish Kumar,1986-03-19,Other,Pune
P00091,Rahul Patel,1989-09-03,Male,Visakhapatnam
P00092,Naveen Menon,2005-08-20,Male,Indore
P00093,Nisha Singh,2005-03-14,Female,Guwahati
P00094,Vikram Menon,1968-06-24,Other,Lucknow
P00095,Harish Desai,2005-05-19,Female,Chandigarh
P00096,Shreya Naik,1980-02-13,Other,Chennai
P00097,Sneha Malhotra,2005-03-31,Female,Kolkata
P00098,Vinod Banerjee,1980-06-24,Female,Patna
P00099,Aarav Desai,1979-07-11,Male,Nagpur
P00100,Ramesh Chatterjee,2004-07-20,Female,Surat
P00101,Swati Kapoor,2005-12-22,Male,Visakhapatnam
P00102,Kiran Ansari,1971-07-19,Other,Bengaluru
P00103,Suresh Das,2005-03-05,Other,Guwahati
P00104,Sanjay Singh,1975-12-25,Other,Lucknow
P00105,Riya Ansari,1973-07-20,Male,Mumbai
P00106,Aditya Gupta,1992-05-01,Other,Bengaluru
P00107,Pallavi Malhotra,2002-11-08,Other,Pune
P00108,Sana Naik,1986-02-16,Female,Bhopal
P00109,Pooja Reddy,2004-08-23,Other,Mumbai
P00110,Ishaan Sheikh,1988-12-06,Male,Kolkata
P00111,Ayesha Das,1991-08-12,Male,Patna
P00112,Pooja Qureshi,1968-04-04,Female,Chennai
P00113,Pallavi Menon,1996-02-22,Other,Guwahati
P00114,Vikram Sheikh,1990-02-12,Other,Visakhapatnam
P00115,Nisha Ali,1997-04-13,Female,Kolkata
P00116,Farhan Hussain,1992-04-20,Female,Jaipur
P00117,Pooja Ali,2003-05-24,Female,Visakhapatnam
P00118,Lakshmi Pillai,1976-04-12,Female,Surat
P00119,Rohan Naik,1979-06-11,Male,Jaipur
P00120,Sanjay Joshi,1996-10-03,Male,Chennai
P00121,Diya Gupta,1986-01-24,Other,Chennai
P00122,Sana Iyer,1964-05-15,Female,Nagpur
P00123,Sanjay Mukherjee,1991-09-15,Female,Delhi
P00124,Meera Ali,1988-08-03,Female,Ranchi
P00125,Ayesha Sharma,1999-03-05,Female,Kochi
P00126,Aarav Rao,1980-04-27,Female,Nagpur
P00127,Naveen Khan,1997-03-01,Other,Ahmedabad
P00128,Lakshmi Gupta,1978-07-28,Female,Kochi
P00129,Vivaan Chopra,1982-11-15,Other,Bhopal
P00130,Rizwan Nair,1991-10-22,Male,Guwahati
P00131,Naveen Sharma,1986-10-24,Other,Ranchi
P00132,Imran Sharma,1965-09-17,Other,Nagpur
P00133,Ananya Hussain,1991-06-02,Male,Delhi
P00134,Rahul Chopra,1982-04-11,Male,Surat
P00135,Vikram Joshi,1985-10-19,Female,Nagpur
P00136,Rahul Ali,1965-07-28,Female,Mumbai
P00137,Farhan Mukherjee,1963-07-18,Female,Ahmedabad
P00138,Zara Singh,2004-05-08,Male,Mumbai
P00139,Pooja Iyer,1961-05-21,Other,Chennai
P00140,Pooja Reddy,1992-03-23,Other,Hyderabad
P00141,Ashok Iyer,1991-08-24,Other,Jaipur
P00142,Deepak Nair,2001-03-25,Other,Hyderabad
P00143,Priya Desai,1967-05-10,Other,Mumbai
P00144,Rajesh Banerjee,1985-07-16,Female,Pune
P00145,Rohan Banerjee,2002-09-07,Male,Hyderabad
P00146,Ayesha Sheikh,1980-07-09,Other,Guwahati
P00147,Reyansh Ansari,1998-07-06,Male,Indore
P00148,Naveen Malhotra,2005-01-06,Female,Bengaluru
P00149,Harish Pillai,1983-03-22,Male,Nagpur
P00150,Lakshmi Kumar,1989-07-02,Female,Surat
P00151,Sana Reddy,1989-08-20,Male,Visakhapatnam
P00152,Zara Mehta,2001-11-29,Other,Kochi
P00153,Pallavi Malhotra,2000-04-26,Female,Chandigarh
P00154,Pooja Ali,1965-11-24,Female,Surat
P00155,Pooja Sheikh,1991-08-16,Other,Guwahati
P00156,Imran Chopra,1982-11-22,Male,Kochi
P00157,Vikram Nair,1993-03-06,Male,Indore
P00158,Rahul Joshi,1979-01-11,Other,Jaipur
P00159,Prakash Sharma,1995-02-26,Male,Bengaluru
P00160,Pooja Khan,1987-08-28,Female,Patna
P00161,Pooja Naik,1992-05-25,Other,Kochi
P00162,Swati Ansari,1961-03-04,Male,Lucknow
P00163,Riya Chopra,1976-07-22,Female,Ranchi
P00164,Deepak Verma,1997-08-30,Other,Indore
P00165,Nisha Khan,1997-06-14,Female,Indore
P00166,Ayesha Kapoor,1978-06-08,Female,Jaipur
P00167,Riya Kumar,1973-02-07,Female,Hyderabad
P00168,Farhan Mukherjee,1972-08-06,Male,Pune
P00169,Farhan Verma,1978-10-25,Other,Ranchi
P00170,Gopal Chatterjee,1979-04-04,Male,Pune
P00171,Suresh Gupta,1984-07-22,Male,Lucknow
P00172,Aarav Naik,1996-05-06,Male,Jaipur
P00173,Aditya Patel,1997-08-27,Female,Chennai
P00174,Fatima Hussain,1993-05-27,Male,Mumbai
P00175,Ashok Desai,1991-12-10,Female,Surat
P00176,Sanjay Nair,1963-06-30,Female,Kochi
P00177,Reyansh Ali,1964-06-12,Female,Kochi
P00178,Rohan Banerjee,2002-10-31,Other,Delhi
P00179,Diya Reddy,1998-04-20,Female,Bengaluru
P00180,Pooja Kumar,1997-12-22,Female,Guwahati
P00181,Sunil Ansari,2002-01-30,Male,Visakhapatnam
P00182,Neha Kapoor,1990-02-15,Female,Ranchi
P00183,Nisha Desai,1998-09-11,Other,Delhi
P00184,Vinod Khan,1966-10-02,Male,Pune
P00185,Rahul Menon,1965-07-10,Male,Ahmedabad
P00186,Kavya Mukherjee,1965-02-08,Male,Mumbai
P00187,Tanvi Kapoor,2000-05-29,Female,Lucknow
P00188,Aditya Gupta,1979-08-09,Other,Lucknow
P00189,Ayesha Hussain,1990-11-24,Male,Ahmedabad
P00190,Rahul Ansari,2002-07-14,Other,Pune
P00191,Nisha Kumar,1997-01-21,Male,Chennai
P00192,Amit Ali,1969-09-05,Male,Delhi
P00193,Priya Ansari,1980-12-06,Other,Ranchi
P00194,Suresh Kapoor,1968-06-17,Female,Lucknow
P00195,Ayesha Chopra,1978-07-11,Other,Patna
P00196,Lakshmi Kapoor,1965-06-22,Other,Delhi
P00197,Nisha Khan,1981-12-07,Other,Jaipur
P00198,Vivaan Singh,1975-07-30,Other,Ranchi
P00199,Ramesh Sharma,2005-09-30,Female,Ranchi
P00200,Aditya Sheikh,1971-12-03,Female,Visakhapatnam
P00201,Zara Kapoor,1978-12-05,Male,Ranchi
P00202,Nisha Pillai,1993-06-17,Male,Kochi
P00203,Manoj Malhotra,1982-09-06,Female,Hyderabad
P00204,Priya Joshi,1988-01-05,Other,Kochi
P00205,Suresh Menon,1987-04-02,Other,Delhi
P00206,Pallavi Singh,1981-05-27,Female,Chandigarh
P00207,Reyansh Sheikh,1987-07-03,Other,Mumbai
P00208,Imran Hussain,1996-12-03,Female,Nagpur
P00209,Arjun Iyer,1995-04-12,Female,Guwahati
P00210,Lakshmi Pillai,1990-01-29,Male,Pune
P00211,Amit Mukherjee,1968-11-30,Female,Surat
P00212,Ayesha Verma,1968-04-06,Male,Guwahati
P00213,Pooja Naik,1970-10-11,Female,Patna
P00214,Aarav Mukherjee,1987-10-06,Male,Ahmedabad
P00215,Reyansh Kapoor,1967-12-29,Other,Chennai
P00216,Lakshmi Qureshi,1979-11-11,Other,Jaipur
P00217,Tanvi Ali,1992-10-31,Female,Ahmedabad
P00218,Pallavi Mukherjee,1969-11-04,Female,Pune
P00219,Sunil Das,1969-04-15,Male,Jaipur
P00220,Tanvi Joshi,1994-07-20,Female,Mumbai
P00221,Suresh Khan,1980-04-25,Other,Ranchi
P00222,Imran Verma,1970-02-10,Female,Patna
P00223,Kiran Rao,1982-08-15,Other,Patna
P00224,Neha Kapoor,1981-11-23,Male,Ahmedabad
P00225,Ashok Chopra,1975-11-23,Female,Delhi
P00226,Vikram Khan,1992-03-08,Other,Bhopal
P00227,Neha Menon,2004-05-15,Male,Kochi
P00228,Aditya Reddy,1994-03-07,Other,Chandigarh
P00229,Ishaan Hussain,1989-12-17,Male,Visakhapatnam
P00230,Pallavi Sharma,1969-10-23,Female,Chennai
P00231,Rohan Verma,1978-01-13,Female,Guwahati
P00232,Ayesha Chopra,2004-03-21,Male,Chandigarh
P00233,Salman Hussain,1996-04-24,Female,Chandigarh
P00234,Fatima Naik,1993-03-16,Other,Delhi
P00235,Vinod Singh,1975-12-23,Other,Lucknow
P00236,Riya Khan,1966-02-24,Female,Hyderabad
P00237,Fatima Naik,1966-11-03,Female,Kolkata
P00238,Ayesha Desai,1961-12-20,Male,Chandigarh
P00239,Arjun Desai,1984-05-23,Female,Nagpur
P00240,Diya Gupta,1996-02-23,Female,Ranchi
P00241,Salman Ansari,1972-04-02,Male,Kolkata
P00242,Kabir Chatterjee,1986-01-12,Other,Ahmedabad
P00243,Lakshmi Qureshi,1999-09-07,Male,Ahmedabad
P00244,Pallavi Pillai,1977-04-13,Female,Jaipur
P00245,Imran Sharma,1991-08-29,Female,Patna
P00246,Priya Singh,1990-01-22,Female,Ranchi
P00247,Rajesh Pillai,1988-11-15,Other,Jaipur
P00248,Pallavi Hussain,1980-07-23,Male,Bhopal
P00249,Kiran Kumar,1976-02-21,Female,Ranchi
P00250,Manoj Banerjee,1980-02-18,Other,Lucknow
P00251,Vivaan Ali,2004-10-16,Female,Jaipur
P00252,Aarav Banerjee,1963-05-04,Other,Kochi
P00253,Suresh Sheikh,1975-08-29,Other,Indore
P00254,Riya Pillai,1972-12-08,Other,Jaipur
P00255,Salman Sheikh,2004-11-09,Other,Chennai
P00256,Fatima Kumar,2002-09-12,Other,Delhi
P00257,Rajesh Ansari,1989-12-30,Male,Ranchi
P00258,Deepak Khan,1968-12-10,Male,Lucknow
P00259,Vikram Khan,1988-04-10,Male,Pune
P00260,Ananya Ansari,1996-09-15,Female,Visakhapatnam
P00261,Harish Qureshi,1978-07-18,Male,Jaipur
P00262,Kiran Ansari,1980-01-31,Other,Chandigarh
P00263,Reyansh Kapoor,1965-02-14,Male,Ahmedabad
P00264,Salman Khan,2005-11-22,Female,Patna
P00265,Deepak Singh,1986-11-07,Male,Jaipur
P00266,Naveen Kumar,1990-12-12,Female,Jaipur
P00267,Ramesh Chopra,2003-06-15,Female,Hyderabad
P00268,Salman Gupta,1992-01-31,Male,Guwahati
P00269,Prakash Joshi,2001-07-07,Male,Bengaluru
P00270,Fatima Ali,1991-08-05,Other,Lucknow
P00271,Zara Malhotra,1967-12-09,Male,Delhi
P00272,Aditya Desai,1993-07-10,Male,Hyderabad
P00273,Pooja Mirza,1996-07-30,Male,Bhopal
P00274,Pallavi Rao,2005-08-17,Other,Patna
P00275,Tanvi Banerjee,1970-07-07,Female,Hyderabad
P00276,Lakshmi Chatterjee,1987-10-09,Female,Delhi
P00277,Ayesha Rao,1974-10-14,Female,Surat
P00278,Pooja Hussain,1984-09-05,Male,Indore
P00279,Naveen Mirza,2003-11-18,Female,Delhi
P00280,Shreya Mehta,1972-11-30,Male,Surat
P00281,Kabir Menon,1974-06-07,Other,Guwahati
P00282,Vivaan Patel,1982-09-11,Male,Chennai
P00283,Ashok Iyer,1964-09-01,Other,Pune
P00284,Ramesh Iyer,1975-11-09,Female,Chennai
P00285,Sunil Sharma,1978-11-13,Male,Chennai
P00286,Naveen Mehta,1971-11-16,Male,Mumbai
P00287,Ananya Sharma,1984-05-18,Male,Ranchi
P00288,Vikram Sharma,1971-11-09,Female,Delhi
P00289,Ananya Khan,1988-08-24,Other,Hyderabad
P00290,Farhan Singh,1992-05-29,Female,Indore
P00291,Harish Banerjee,1967-06-03,Female,Visakhapatnam
P00292,Riya Chatterjee,1962-12-13,Other,Visakhapatnam
P00293,Rajesh Kapoor,2003-10-12,Male,Delhi
P00294,Kiran Hussain,1987-05-01,Female,Hyderabad
P00295,Lakshmi Naik,1990-03-08,Male,Bengaluru
P00296,Vikram Chatterjee,1970-02-03,Male,Chennai
P00297,Amit Chatterjee,2003-01-30,Other,Patna
P00298,Sana Joshi,1985-12-02,Other,Visakhapatnam
P00299,Suresh Kapoor,1994-05-27,Other,Nagpur
P00300,Ishaan Ansari,1967-10-14,Other,Patna
P00301,Rizwan Hussain,1974-08-19,Female,Surat
P00302,Riya Malhotra,1983-01-24,Female,Bhopal
P00303,Tanvi Khan,1966-06-21,Female,Nagpur
P00304,Vikram Menon,1977-05-06,Female,Chennai
P00305,Salman Qureshi,1992-04-09,Male,Bengaluru
P00306,Kabir Singh,1989-05-22,Male,Indore
P00307,Ananya Mukherjee,1964-01-30,Other,Patna
P00308,Prakash Joshi,2005-08-05,Male,Nagpur
P00309,Manoj Hussain,2005-04-11,Female,Delhi
P00310,Suresh Chatterjee,1981-04-05,Female,Hyderabad
P00311,Ashok Das,1974-06-23,Male,Kochi
P00312,Riya Hussain,1967-05-13,Female,Patna
P00313,Deepak Kumar,1978-12-15,Other,Ahmedabad
P00314,Nisha Hussain,1998-03-04,Other,Guwahati
P00315,Salman Pillai,1997-11-19,Male,Guwahati
P00316,Imran Ali,1978-03-14,Male,Kolkata
P00317,Amit Naik,1981-01-09,Female,Indore
P00318,Aarav Nair,1969-09-30,Other,Bhopal
P00319,Rohan Reddy,2003-02-01,Male,Bengaluru
P00320,Farhan Das,1974-08-22,Female,Nagpur
P00321,Pallavi Joshi,1970-09-17,Female,Lucknow
P00322,Rizwan Joshi,1998-08-16,Other,Bengaluru
P00323,Arjun Reddy,1970-09-17,Other,Delhi
P00324,Salman Singh,1978-07-08,Female,Nagpur
P00325,Lakshmi Chatterjee,1990-01-30,Female,Jaipur
P00326,Meera Sheikh,1994-11-12,Male,Indore
P00327,Nisha Kumar,1979-04-11,Other,Ranchi
P00328,Lakshmi Das,2005-05-25,Female,Delhi
P00329,Riya Chopra,2000-10-13,Male,Mumbai
P00330,Meera Desai,1974-05-17,Male,Jaipur
P00331,Suresh Joshi,1968-03-01,Male,Kochi
P00332,Farhan Malhotra,1971-12-15,Male,Bhopal
P00333,Naveen Naik,1975-08-29,Other,Patna
P00334,Imran Ansari,1984-02-06,Male,Bhopal
P00335,Farhan Patel,1989-09-07,Male,Surat
P00336,Rohan Hussain,1981-04-21,Other,Nagpur
P00337,Ashok Chopra,2003-07-24,Female,Lucknow
P00338,Reyansh Chopra,1961-06-02,Female,Kolkata
P00339,Vinod Kapoor,1984-08-15,Male,Nagpur
P00340,Ishaan Gupta,1989-08-24,Other,Bhopal
P00341,Gopal Singh,1986-12-06,Female,Chandigarh
P00342,Riya Joshi,1971-06-10,Male,Visakhapatnam
P00343,Fatima Kumar,1996-02-09,Other,Pune
P00344,Manoj Rao,2003-12-03,Male,Ahmedabad
P00345,Ishaan Reddy,1977-06-02,Male,Kolkata
P00346,Sunil Reddy,2004-08-09,Male,Kolkata
P00347,Fatima Verma,1991-07-28,Other,Ranchi
P00348,Swati Menon,1998-05-31,Other,Guwahati
P00349,Vikram Hussain,2002-09-06,Female,Chennai
P00350,Swati Singh,1991-11-29,Female,Lucknow
P00351,Amit Banerjee,1963-10-28,Female,Visakhapatnam
P00352,Rohan Desai,1991-06-03,Female,Delhi
P00353,Arjun Rao,1979-07-15,Male,Bengaluru
P00354,Vinod Chatterjee,1994-07-04,Female,Surat
P00355,Ramesh Mukherjee,1962-10-16,Female,Ranchi
P00356,Zara Iyer,1981-11-17,Other,Kochi
P00357,Harish Reddy,1964-03-17,Female,Hyderabad
P00358,Sanjay Naik,1965-09-27,Other,Kolkata
P00359,Aditya Gupta,1989-10-15,Female,Visakhapatnam
P00360,Gopal Chatterjee,1970-10-20,Female,Indore
P00361,Suresh Chopra,1987-10-26,Female,Guwahati
P00362,Arjun Ansari,2002-12-06,Other,Chandigarh
P00363,Rohan Joshi,1966-06-06,Other,Bhopal
P00364,Suresh Mehta,2004-09-04,Other,Chennai
P00365,Sanjay Singh,1999-08-28,Other,Chennai
P00366,Manoj Desai,2004-08-23,Other,Bhopal
P00367,Ananya Chatterjee,1965-10-06,Female,Patna
P00368,Neha Pillai,1982-05-09,Male,Visakhapatnam
P00369,Kabir Pillai,2005-08-16,Female,Visakhapatnam
P00370,Deepak Sharma,1984-09-03,Female,Kolkata
P00371,Meera Joshi,1993-02-02,Male,Ahmedabad
P00372,Ananya Reddy,1965-04-01,Female,Hyderabad
P00373,Harish Sheikh,1996-09-24,Other,Visakhapatnam
P00374,Aditya Menon,1982-12-01,Other,Chennai
P00375,Sunil Chopra,1970-06-30,Male,Kolkata
P00376,Ayesha Sheikh,2002-07-07,Male,Surat
P00377,Aditya Malhotra,1984-10-15,Other,Ahmedabad
P00378,Swati Chatterjee,1979-05-22,Other,Surat
P00379,Riya Mukherjee,1976-04-10,Female,Kochi
P00380,Sneha Rao,1998-10-25,Female,Surat
P00381,Suresh Sheikh,1985-12-26,Other,Visakhapatnam
P00382,Tanvi Nair,1973-08-03,Other,Chennai
P00383,Rahul Patel,2003-08-19,Female,Indore
P00384,Prakash Qureshi,1966-12-24,Other,Visakhapatnam
P00385,Reyansh Desai,1965-09-15,Male,Jaipur
P00386,Swati Mirza,1994-12-07,Male,Nagpur
P00387,Kabir Qureshi,1975-02-09,Female,Indore
P00388,Vivaan Malhotra,1963-08-16,Female,Visakhapatnam
P00389,Deepak Gupta,1986-04-12,Male,Indore
P00390,Riya Sharma,1981-09-07,Male,Chandigarh
P00391,Diya Reddy,1962-08-10,Female,Kochi
P00392,Ayesha Ali,1969-06-11,Other,Kochi
P00393,Swati Chatterjee,1960-05-10,Male,Mumbai
P00394,Rahul Iyer,1970-03-05,Other,Guwahati
P00395,Gopal Malhotra,1967-07-26,Female,Ahmedabad
P00396,Rajesh Kumar,1963-04-01,Male,Nagpur
P00397,Fatima Ansari,2002-05-20,Female,Bengaluru
P00398,Reyansh Ali,1994-01-05,Other,Patna
P00399,Vivaan Pillai,1995-01-26,Other,Ahmedabad
P00400,Sana Reddy,1979-10-27,Female,Mumbai
P00401,Vinod Rao,1976-05-15,Other,Nagpur
P00402,Kavya Menon,2005-06-21,Male,Visakhapatnam
P00403,Deepak Singh,1995-10-19,Other,Visakhapatnam
P00404,Harish Mukherjee,1961-05-20,Female,Kochi
P00405,Aditya Pillai,1986-04-29,Female,Jaipur
P00406,Farhan Sharma,1984-04-19,Male,Indore
P00407,Pooja Khan,2004-09-18,Other,Hyderabad
P00408,Ramesh Khan,1982-08-17,Male,Delhi
P00409,Manoj Mukherjee,1983-01-14,Other,Kolkata
P00410,Salman Kapoor,1992-07-24,Other,Kolkata
P00411,Ananya Singh,1991-02-22,Male,Lucknow
P00412,Sneha Patel,1973-07-28,Male,Chandigarh
P00413,Rajesh Das,1987-02-05,Other,Kochi
P00414,Rahul Patel,2004-01-08,Male,Lucknow
P00415,Manoj Hussain,1963-04-03,Other,Chandigarh
P00416,Amit Kumar,1985-01-16,Female,Bhopal
P00417,Farhan Kapoor,1986-04-24,Female,Kolkata
P00418,Lakshmi Naik,1993-11-09,Female,Visakhapatnam
P00419,Amit Ansari,1965-08-15,Other,Nagpur
P00420,Kabir Malhotra,2000-12-30,Male,Patna
P00421,Suresh Joshi,1966-12-25,Male,Chandigarh
P00422,Imran Desai,1980-11-08,Female,Guwahati
P00423,Sana Malhotra,1971-05-04,Other,Surat
P00424,Manoj Kapoor,1962-11-18,Other,Indore
P00425,Vinod Malhotra,1978-09-07,Other,Delhi
P00426,Rohan Menon,2003-05-20,Female,Indore
P00427,Harish Ansari,1970-11-20,Male,Chennai
P00428,Sunil Menon,1989-10-25,Male,Chennai
P00429,Rohan Gupta,2003-11-26,Female,Indore
P00430,Neha Banerjee,1962-03-15,Other,Chennai
P00431,Salman Kapoor,1985-03-30,Female,Surat
P00432,Rohan Banerjee,1969-05-15,Other,Indore
P00433,Shreya Joshi,2004-03-14,Female,Ahmedabad
P00434,Reyansh Sharma,1972-08-29,Female,Visakhapatnam
P00435,Neha Qureshi,1998-03-22,Male,Jaipur
P00436,Rahul Naik,1990-05-15,Male,Guwahati
P00437,Suresh Naik,1993-06-04,Male,Hyderabad
P00438,Ananya Hussain,1965-01-14,Female,Kolkata
P00439,Sana Kapoor,1965-12-22,Other,Chandigarh
P00440,Imran Rao,1964-06-02,Other,Patna
P00441,Suresh Mirza,1980-05-30,Male,Kolkata
P00442,Deepak Das,1975-04-05,Male,Pune
P00443,Ananya Gupta,1993-08-13,Male,Indore
P00444,Prakash Banerjee,1985-02-07,Female,Patna
P00445,Ananya Chatterjee,1965-11-12,Male,Lucknow
P00446,Shreya Naik,1992-07-28,Other,Nagpur
P00447,Tanvi Ali,1999-02-14,Male,Chennai
P00448,Vikram Pillai,1965-01-17,Female,Surat
P00449,Salman Das,1983-06-11,Male,Patna
P00450,Fatima Banerjee,1972-05-19,Male,Nagpur
P00451,Harish Qureshi,1963-10-09,Male,Visakhapatnam
P00452,Diya Desai,1971-03-16,Male,Chandigarh
P00453,Sana Gupta,1983-07-19,Other,Lucknow
P00454,Kabir Mehta,1973-05-11,Other,Patna
P00455,Amit Reddy,2002-07-14,Female,Guwahati
P00456,Naveen Singh,1994-03-14,Other,Kolkata
P00457,Ramesh Banerjee,1970-06-29,Male,Guwahati
P00458,Rizwan Mirza,2001-03-06,Female,Ranchi
P00459,Aditya Ali,1961-12-06,Male,Delhi
P00460,Zara Sheikh,1999-04-01,Female,Pune
P00461,Ashok Malhotra,2002-01-23,Other,Mumbai
P00462,Lakshmi Mirza,2002-09-05,Other,Lucknow
P00463,Zara Desai,1992-11-11,Male,Bhopal
P00464,Rajesh Kapoor,1964-12-18,Other,Delhi
P00465,Priya Kapoor,1988-04-13,Female,Surat
P00466,Meera Joshi,2001-04-13,Male,Chandigarh
P00467,Sana Joshi,1983-07-03,Female,Chennai
P00468,Deepak Das,1998-03-21,Male,Chandigarh
P00469,Pooja Kapoor,1968-05-03,Female,Surat
P00470,Pooja Reddy,1966-08-03,Male,Lucknow
P00471,Neha Hussain,2001-11-16,Female,Ahmedabad
P00472,Priya Ali,1982-04-13,Other,Chandigarh
P00473,Sneha Sheikh,1970-11-04,Female,Visakhapatnam
P00474,Pallavi Verma,1980-12-29,Female,Mumbai
P00475,Kabir Chopra,1994-05-24,Female,Ahmedabad
P00476,Meera Banerjee,1984-01-06,Male,Delhi
P00477,Suresh Verma,2000-08-29,Other,Kochi
P00478,Suresh Mukherjee,1960-07-22,Male,Nagpur
P00479,Ananya Mirza,1977-12-30,Other,Indore
P00480,Shreya Rao,1963-01-29,Female,Delhi
P00481,Ashok Mukherjee,1973-03-31,Female,Patna
P00482,Suresh Singh,1986-04-16,Other,Surat
P00483,Prakash Mehta,2002-05-30,Other,Guwahati
P00484,Reyansh Reddy,1966-07-31,Female,Indore
P00485,Sanjay Mukherjee,1984-11-17,Male,Pune
P00486,Sunil Das,1987-04-25,Other,Delhi
P00487,Aditya Patel,1969-04-29,Other,Chandigarh
P00488,Kiran Das,1991-02-05,Male,Guwahati
P00489,Harish Reddy,1982-04-26,Other,Chandigarh
P00490,Priya Chopra,2001-12-14,Other,Lucknow
P00491,Ramesh Joshi,1994-07-10,Other,Patna
P00492,Lakshmi Naik,1998-04-22,Female,Kochi
P00493,Vivaan Rao,1982-07-17,Other,Hyderabad
P00494,Tanvi Banerjee,1980-12-08,Other,Mumbai
P00495,Sunil Verma,1978-01-25,Other,Ranchi
P00496,Ashok Gupta,1963-06-30,Other,Kochi
P00497,Priya Das,2002-10-21,Other,Guwahati
P00498,Neha Reddy,1976-06-24,Male,Ranchi
P00499,Ayesha Kumar,1972-12-24,Male,Surat
P00500,Vikram Malhotra,1970-04-21,Female,Pune
P00501,Tanvi Das,2001-08-11,Female,Delhi
P00502,Sana Reddy,1995-04-18,Male,Patna
P00503,Vikram Menon,1992-07-20,Other,Bhopal
P00504,Vikram Nair,1991-04-12,Other,Chandigarh
P00505,Naveen Rao,2005-12-28,Other,Jaipur
P00506,Vinod Verma,1973-01-30,Male,Jaipur
P00507,Prakash Desai,1975-04-21,Female,Lucknow
P00508,Sana Iyer,1993-04-11,Female,Kochi
P00509,Manoj Mukherjee,1978-08-10,Female,Hyderabad
P00510,Ashok Menon,1996-12-18,Female,Bhopal
P00511,Manoj Sheikh,1969-12-19,Female,Delhi
P00512,Suresh Naik,1965-05-18,Female,Surat
P00513,Zara Mehta,1992-08-07,Male,Pune
P00514,Naveen Mehta,1998-03-31,Other,Jaipur
P00515,Ananya Kumar,2001-11-23,Other,Ranchi
P00516,Pooja Gupta,1963-06-15,Other,Visakhapatnam
P00517,Riya Pillai,1975-11-05,Male,Hyderabad
P00518,Tanvi Joshi,1992-02-23,Male,Chennai
P00519,Aarav Mukherjee,1970-09-30,Female,Kochi
P00520,Kiran Pillai,1973-07-28,Female,Chandigarh
P00521,Suresh Pillai,1964-01-10,Male,Ranchi
P00522,Riya Mukherjee,1962-07-16,Male,Nagpur
P00523,Kavya Qureshi,1962-06-22,Female,Kochi
P00524,Kavya Qureshi,1979-09-12,Male,Mumbai
P00525,Rajesh Banerjee,2001-01-07,Male,Chandigarh
P00526,Suresh Kapoor,2003-08-22,Other,Visakhapatnam
P00527,Lakshmi Mirza,1969-02-17,Other,Surat
P00528,Amit Iyer,1967-08-31,Female,Kolkata
P00529,Rizwan Kapoor,2004-02-12,Female,Kolkata
P00530,Aarav Khan,1982-12-09,Female,Ranchi
P00531,Salman Sheikh,1973-02-22,Male,Guwahati
P00532,Fatima Mirza,1987-08-05,Female,Visakhapatnam
P00533,Vikram Singh,1987-04-11,Other,Hyderabad
P00534,Kavya Reddy,1992-06-28,Female,Ahmedabad
P00535,Aarav Mehta,1986-02-06,Male,Surat
P00536,Amit Joshi,1980-07-18,Other,Ranchi
P00537,Aarav Mehta,2004-06-25,Female,Ahmedabad
P00538,Arjun Menon,1968-01-17,Female,Lucknow
P00539,Priya Chopra,1994-03-13,Other,Lucknow
P00540,Ayesha Kumar,2003-06-19,Female,Indore
P00541,Vinod Gupta,1974-11-29,Male,Kochi
P00542,Diya Kapoor,2001-03-21,Female,Nagpur
P00543,Ayesha Mukherjee,1992-01-15,Other,Pune
P00544,Pooja Menon,2000-07-18,Male,Visakhapatnam
P00545,Swati Das,1984-08-14,Male,Ranchi
P00546,Reyansh Patel,1997-04-07,Other,Pune
P00547,Ashok Mukherjee,1970-03-13,Male,Chandigarh
P00548,Gopal Kapoor,1967-11-29,Other,Pune
P00549,Sana Banerjee,1993-04-06,Male,Visakhapatnam
P00550,Swati Ansari,1963-10-14,Female,Chennai
P00551,Harish Malhotra,1991-01-31,Other,Delhi
P00552,Prakash Kapoor,2005-10-12,Female,Mumbai
P00553,Shreya Mehta,1960-03-15,Other,Pune
P00554,Ramesh Singh,1963-01-30,Female,Indore
P00555,Ayesha Singh,1996-10-28,Male,Bengaluru
P00556,Kiran Patel,1979-07-15,Female,Kolkata
P00557,Ananya Sheikh,2003-08-28,Other,Nagpur
P00558,Deepak Mirza,1986-01-10,Female,Bhopal
P00559,Neha Singh,2005-01-12,Other,Chennai
P00560,Zara Hussain,1983-08-31,Male,Kolkata
P00561,Naveen Chopra,1995-12-27,Male,Ahmedabad
P00562,Aarav Sheikh,1961-07-19,Female,Surat
P00563,Salman Khan,1997-01-18,Female,Patna
P00564,Neha Ali,1975-08-18,Male,Surat
P00565,Manoj Reddy,1978-10-04,Male,Hyderabad
P00566,Aditya Ansari,2004-12-04,Female,Guwahati
P00567,Vivaan Gupta,1974-01-09,Male,Hyderabad
P00568,Sunil Patel,1990-05-19,Other,Delhi
P00569,Pooja Khan,1963-01-04,Female,Surat
P00570,Riya Mukherjee,1974-10-14,Male,Chennai
P00571,Harish Desai,1975-12-08,Other,Ranchi
P00572,Vikram Banerjee,2000-09-08,Other,Chandigarh
P00573,Pooja Desai,1969-09-30,Other,Visakhapatnam
P00574,Riya Malhotra,1980-06-12,Female,Delhi
P00575,Prakash Banerjee,1971-12-01,Other,Nagpur
P00576,Prakash Verma,1963-03-11,Female,Bhopal
P00577,Gopal Joshi,1988-04-30,Female,Chennai
P00578,Rajesh Chopra,1972-07-06,Other,Kochi
P00579,Pooja Hussain,1975-05-02,Female,Chennai
P00580,Pallavi Qureshi,1963-12-03,Other,Nagpur
P00581,Tanvi Mukherjee,1996-01-25,Male,Bhopal
P00582,Pooja Mehta,1973-11-01,Female,Bengaluru
P00583,Swati Hussain,1985-04-02,Male,Patna
P00584,Rizwan Ali,1972-12-17,Male,Jaipur
P00585,Neha Menon,2001-03-02,Other,Delhi
P00586,Rohan Iyer,1999-12-26,Other,Patna
P00587,Meera Verma,1974-03-19,Female,Lucknow
P00588,Aarav Iyer,1972-12-06,Other,Hyderabad
P00589,Farhan Sheikh,1992-08-03,Male,Guwahati
P00590,Sana Iyer,1986-12-28,Male,Patna
P00591,Vikram Sheikh,1979-04-06,Female,Surat
P00592,Naveen Pillai,1984-06-12,Female,Jaipur
P00593,Deepak Das,1993-11-02,Female,Hyderabad
P00594,Rizwan Verma,1981-10-16,Male,Indore
P00595,Vikram Malhotra,1963-02-10,Other,Ahmedabad
P00596,Farhan Reddy,1961-02-07,Female,Patna
P00597,Ramesh Banerjee,1988-05-31,Female,Chennai
P00598,Sneha Joshi,1975-08-27,Female,Ranchi
P00599,Pooja Verma,1997-06-21,Other,Chandigarh
P00600,Rahul Sheikh,1993-04-01,Other,Kochi
P00601,Pallavi Nair,1983-12-19,Male,Chennai
P00602,Rizwan Mukherjee,1993-03-25,Male,Patna
P00603,Zara Patel,1995-08-27,Male,Bengaluru
P00604,Imran Patel,1960-06-07,Female,Chennai
P00605,Fatima Gupta,1964-08-16,Other,Chennai
P00606,Aarav Iyer,1994-06-01,Female,Indore
P00607,Arjun Chatterjee,2003-05-25,Other,Guwahati
P00608,Kiran Menon,1993-03-13,Male,Mumbai
P00609,Naveen Mukherjee,1987-12-28,Male,Mumbai
P00610,Gopal Khan,1978-09-11,Other,Lucknow
P00611,Vivaan Das,2005-11-13,Female,Kolkata
P00612,Ishaan Qureshi,1966-07-21,Other,Chennai
P00613,Pooja Iyer,2002-03-05,Other,Jaipur
P00614,Manoj Mehta,1987-01-03,Male,Indore
P00615,Shreya Kapoor,1998-06-13,Male,Ahmedabad
P00616,Rajesh Menon,1965-06-26,Other,Delhi
P00617,Kabir Chopra,1985-10-22,Female,Patna
P00618,Kiran Patel,2003-05-01,Male,Kolkata
P00619,Kabir Verma,1989-07-11,Other,Chandigarh
P00620,Ashok Hussain,1966-06-28,Other,Delhi
P00621,Riya Iyer,1998-07-27,Female,Jaipur
P00622,Aditya Qureshi,1965-01-21,Other,Jaipur
P00623,Naveen Banerjee,2004-10-13,Male,Kolkata
P00624,Vikram Sharma,1974-02-04,Other,Chennai
P00625,Sana Ali,1987-02-07,Male,Lucknow
P00626,Priya Banerjee,1976-05-12,Other,Bhopal
P00627,Salman Mirza,1996-10-13,Female,Bhopal
P00628,Farhan Reddy,1965-05-03,Other,Indore
P00629,Arjun Kumar,1989-09-28,Male,Bengaluru
P00630,Sanjay Chatterjee,2001-10-09,Other,Bhopal
P00631,Vikram Sharma,2003-02-25,Female,Surat
P00632,Lakshmi Gupta,1984-03-18,Other,Bhopal
P00633,Nisha Nair,1999-11-14,Other,Bhopal
P00634,Kabir Sheikh,2002-02-04,Female,Ahmedabad
P00635,Sana Singh,1965-08-01,Female,Chennai
P00636,Neha Naik,2003-02-19,Male,Bhopal
P00637,Vikram Rao,1967-04-02,Male,Mumbai
P00638,Rajesh Kapoor,1984-06-28,Female,Hyderabad
P00639,Ananya Singh,1972-10-01,Female,Surat
P00640,Prakash Mukherjee,1994-11-14,Female,Hyderabad
P00641,Vivaan Singh,1984-01-31,Other,Bengaluru
P00642,Sunil Chatterjee,1982-01-28,Female,Mumbai
P00643,Suresh Malhotra,1986-05-22,Male,Patna
P00644,Pooja Banerjee,1995-06-18,Male,Bhopal
P00645,Priya Reddy,1978-04-20,Female,Jaipur
P00646,Lakshmi Reddy,1964-04-21,Male,Nagpur
P00647,Amit Malhotra,1980-05-25,Female,Bengaluru
P00648,Deepak Mehta,1976-10-12,Other,Kochi
P00649,Sunil Chatterjee,1973-04-22,Female,Hyderabad
P00650,Ananya Desai,1960-06-17,Female,Chandigarh
P00651,Vinod Chopra,1982-06-04,Female,Chandigarh
P00652,Nisha Ali,2004-04-20,Other,Chennai
P00653,Rajesh Joshi,2001-01-17,Other,Pune
P00654,Kiran Joshi,1972-02-02,Female,Chandigarh
P00655,Suresh Khan,2003-01-25,Female,Ranchi
P00656,Pooja Joshi,1985-08-03,Female,Bhopal
P00657,Deepak Kumar,1998-05-15,Male,Ranchi
P00658,Naveen Nair,1997-06-07,Male,Surat
P00659,Sana Iyer,1989-11-01,Female,Bengaluru
P00660,Tanvi Menon,1993-12-23,Male,Lucknow
P00661,Pooja Mehta,2004-10-27,Male,Nagpur
P00662,Neha Singh,1990-07-23,Other,Kochi
P00663,Ramesh Chopra,1996-05-12,Other,Nagpur
P00664,Naveen Patel,1984-06-19,Other,Patna
P00665,Sunil Pillai,1965-10-13,Male,Ahmedabad
P00666,Imran Menon,1984-02-27,Male,Guwahati
P00667,Aditya Banerjee,2003-11-23,Other,Bhopal
P00668,Sanjay Ansari,1989-04-17,Male,Mumbai
P00669,Ishaan Mehta,1975-02-08,Other,Visakhapatnam
P00670,Prakash Banerjee,1999-02-22,Male,Surat
P00671,Deepak Chopra,1991-07-06,Other,Ranchi
P00672,Ayesha Das,1970-04-04,Female,Mumbai
P00673,Kiran Kumar,1980-02-08,Female,Bengaluru
P00674,Reyansh Ali,1969-08-22,Female,Lucknow
P00675,Sanjay Kapoor,1974-01-28,Other,Kochi
P00676,Manoj Verma,1966-08-23,Female,Surat
P00677,Vikram Singh,1980-06-07,Male,Hyderabad
P00678,Vivaan Hussain,1983-05-07,Other,Hyderabad
P00679,Salman Ansari,1971-03-09,Other,Ahmedabad
P00680,Gopal Nair,1997-07-22,Male,Chandigarh
P00681,Prakash Malhotra,1991-06-11,Male,Bhopal
P00682,Fatima Nair,1972-09-06,Other,Nagpur
P00683,Shreya Sharma,2001-10-15,Male,Surat
P00684,Ramesh Malhotra,1986-06-17,Male,Pune
P00685,Meera Mehta,1964-04-04,Other,Hyderabad
P00686,Naveen Nair,1984-11-21,Female,Pune
P00687,Pallavi Kumar,1977-11-07,Other,Kochi
P00688,Gopal Pillai,1981-04-29,Other,Bhopal
P00689,Vinod Chopra,1999-12-12,Male,Indore
P00690,Manoj Hussain,1991-02-27,Other,Kolkata
P00691,Salman Naik,1980-03-29,Other,Ranchi
P00692,Kabir Menon,1969-02-11,Female,Hyderabad
P00693,Pooja Desai,1967-12-16,Male,Indore
P00694,Ayesha Reddy,1994-10-05,Female,Nagpur
P00695,Sunil Reddy,1999-02-11,Female,Nagpur
P00696,Kavya Verma,2003-03-31,Other,Kolkata
P00697,Prakash Nair,1993-04-27,Female,Chennai
P00698,Kavya Joshi,1990-09-09,Other,Delhi
P00699,Manoj Sharma,1992-12-23,Male,Pune
P00700,Neha Mukherjee,1994-05-24,Other,Kochi
P00701,Tanvi Menon,1993-06-17,Female,Surat
P00702,Lakshmi Nair,1965-08-16,Other,Mumbai
P00703,Riya Desai,1962-03-23,Female,Ahmedabad
P00704,Naveen Desai,1971-06-12,Female,Ranchi
P00705,Farhan Sheikh,1993-09-15,Other,Visakhapatnam
P00706,Reyansh Banerjee,1967-10-09,Female,Patna
P00707,Deepak Mukherjee,1962-10-31,Other,Surat
P00708,Naveen Iyer,1988-12-06,Male,Ahmedabad
P00709,Rajesh Hussain,1962-03-12,Female,Jaipur
P00710,Manoj Hussain,1965-12-01,Female,Hyderabad
P00711,Pooja Iyer,2000-01-03,Other,Indore
P00712,Sana Chatterjee,2003-01-22,Female,Kolkata
P00713,Vinod Reddy,1974-01-22,Male,Delhi
P00714,Ashok Rao,1996-03-21,Female,Guwahati
P00715,Naveen Nair,1982-01-09,Other,Lucknow
P00716,Suresh Banerjee,1978-03-11,Other,Hyderabad
P00717,Ananya Sheikh,1988-01-04,Male,Jaipur
P00718,Zara Reddy,1969-01-11,Male,Chennai
P00719,Sana Joshi,1976-11-05,Other,Bhopal
P00720,Lakshmi Reddy,1999-04-17,Other,Jaipur
P00721,Fatima Malhotra,1985-07-12,Female,Bengaluru
P00722,Fatima Ansari,1966-05-02,Female,Visakhapatnam
P00723,Farhan Mehta,1985-02-11,Female,Kochi
P00724,Vikram Banerjee,1960-03-02,Other,Bengaluru
P00725,Rizwan Kapoor,2003-03-15,Other,Indore
P00726,Rohan Ansari,1996-05-14,Female,Pune
P00727,Nisha Ali,1974-06-01,Female,Jaipur
P00728,Vikram Ali,1979-04-19,Female,Patna
P00729,Ashok Reddy,1998-07-11,Female,Chandigarh
P00730,Salman Sheikh,1963-04-18,Male,Hyderabad
P00731,Fatima Ansari,1991-04-10,Male,Hyderabad
P00732,Priya Kapoor,1991-01-24,Male,Nagpur
P00733,Sneha Naik,1968-12-22,Other,Lucknow
P00734,Priya Hussain,1978-08-24,Male,Indore
P00735,Rahul Singh,1985-04-21,Other,Kolkata
P00736,Arjun Chopra,2002-07-28,Female,Ahmedabad
P00737,Nisha Pillai,1966-03-16,Other,Hyderabad
P00738,Aarav Iyer,1992-06-12,Male,Chennai
P00739,Ramesh Gupta,1995-05-07,Other,Surat
P00740,Aarav Sharma,1983-05-19,Male,Nagpur
P00741,Ayesha Reddy,1992-07-04,Male,Ahmedabad
P00742,Neha Singh,1966-12-20,Male,Chandigarh
P00743,Deepak Mirza,1980-05-13,Male,Bhopal
P00744,Ananya Pillai,1969-09-20,Male,Visakhapatnam
P00745,Ashok Sharma,2001-07-13,Other,Kolkata
P00746,Swati Rao,1974-07-01,Other,Chennai
P00747,Tanvi Chatterjee,1990-02-07,Male,Bengaluru
P00748,Ishaan Reddy,1968-05-19,Other,Bhopal
P00749,Manoj Malhotra,1981-05-27,Male,Ahmedabad
P00750,Amit Pillai,1965-09-25,Male,Patna
P00751,Sunil Chatterjee,2001-05-06,Female,Mumbai
P00752,Imran Mirza,1980-07-11,Male,Visakhapatnam
P00753,Sunil Das,1972-11-01,Other,Bhopal
P00754,Suresh Pillai,1963-09-18,Male,Kochi
P00755,Neha Kumar,1976-05-28,Female,Guwahati
P00756,Rohan Das,1960-10-26,Female,Chandigarh
P00757,Ananya Chopra,1998-09-05,Female,Indore
P00758,Naveen Menon,1971-10-04,Female,Bengaluru
P00759,Vivaan Banerjee,1964-08-05,Male,Jaipur
P00760,Meera Patel,1964-02-11,Female,Visakhapatnam
P00761,Suresh Pillai,1994-02-04,Female,Nagpur
P00762,Ayesha Chopra,1965-08-10,Other,Patna
P00763,Naveen Chatterjee,1970-05-22,Female,Bengaluru
P00764,Rajesh Singh,1994-10-17,Male,Chennai
P00765,Naveen Joshi,1986-08-03,Other,Bengaluru
P00766,Rajesh Naik,1989-10-08,Other,Ahmedabad
P00767,Arjun Gupta,1965-11-12,Female,Hyderabad
P00768,Pallavi Chatterjee,2001-06-06,Male,Lucknow
P00769,Imran Khan,2004-10-11,Other,Kolkata
P00770,Reyansh Sharma,1969-05-03,Other,Mumbai
P00771,Priya Verma,1983-08-05,Other,Visakhapatnam
P00772,Rizwan Mehta,1971-05-12,Female,Chennai
P00773,Farhan Sheikh,1978-04-16,Other,Hyderabad
P00774,Vivaan Joshi,1989-03-19,Female,Visakhapatnam
P00775,Rohan Mehta,1999-03-29,Other,Bengaluru
P00776,Lakshmi Kapoor,1994-10-04,Female,Delhi
P00777,Lakshmi Hussain,1998-07-30,Male,Indore
P00778,Priya Mehta,1967-01-01,Other,Hyderabad
P00779,Riya Khan,1994-08-16,Male,Delhi
P00780,Aarav Gupta,1963-02-16,Female,Indore
P00781,Neha Qureshi,1970-03-19,Male,Delhi
P00782,Prakash Ansari,2004-08-14,Female,Ahmedabad
P00783,Vikram Gupta,1988-04-29,Other,Chandigarh
P00784,Amit Ali,1965-04-19,Other,Indore
P00785,Reyansh Das,2005-10-26,Male,Kolkata
P00786,Riya Ansari,1995-02-05,Male,Bhopal
P00787,Rohan Mirza,1991-08-25,Female,Lucknow
P00788,Vikram Singh,1997-08-21,Female,Mumbai
P00789,Deepak Iyer,1979-11-04,Other,Lucknow
P00790,Farhan Chatterjee,1976-07-04,Female,Indore
P00791,Ramesh Verma,1973-04-19,Other,Patna
P00792,Pooja Reddy,1960-06-07,Female,Mumbai
P00793,Riya Mukherjee,1983-07-29,Other,Mumbai
P00794,Sanjay Sharma,2004-09-23,Female,Lucknow
P00795,Ishaan Iyer,1996-01-20,Male,Nagpur
P00796,Lakshmi Patel,1969-09-08,Other,Jaipur
P00797,Kabir Patel,1975-10-02,Other,Nagpur
P00798,Ayesha Mirza,1985-05-07,Female,Bengaluru
P00799,Ramesh Kumar,1994-05-24,Male,Bhopal
P00800,Rohan Banerjee,1998-08-22,Male,Nagpur
P00801,Imran Reddy,1976-02-10,Female,Jaipur
P00802,Vikram Qureshi,1986-09-27,Other,Chandigarh
P00803,Vikram Kapoor,1978-07-04,Male,Bengaluru
P00804,Sneha Reddy,1999-10-15,Male,Chennai
P00805,Ishaan Nair,1990-08-05,Female,Chandigarh
P00806,Tanvi Kumar,1996-06-20,Female,Pune
P00807,Swati Desai,1991-07-13,Female,Hyderabad
P00808,Kabir Nair,1980-09-13,Other,Guwahati
P00809,Aditya Iyer,1982-04-22,Male,Bengaluru
P00810,Sana Gupta,1984-03-17,Female,Visakhapatnam
P00811,Arjun Menon,1980-05-02,Female,Kolkata
P00812,Vivaan Chopra,1990-10-09,Other,Patna
P00813,Pooja Kumar,1991-06-11,Male,Chennai
P00814,Reyansh Sharma,1964-03-12,Male,Chennai
P00815,Sneha Ali,1987-04-05,Female,Bengaluru
P00816,Ramesh Banerjee,1977-08-12,Male,Mumbai
P00817,Rohan Iyer,2003-12-17,Female,Chennai
P00818,Kabir Mirza,1982-07-24,Male,Delhi
P00819,Pallavi Patel,1971-06-07,Other,Nagpur
P00820,Rizwan Chopra,1993-10-05,Male,Bhopal
P00821,Salman Malhotra,1971-10-05,Female,Pune
P00822,Kavya Mehta,1979-01-16,Female,Chennai
P00823,Aditya Chatterjee,2002-02-18,Other,Ahmedabad
P00824,Zara Desai,1993-12-13,Female,Patna
P00825,Kiran Patel,1965-12-20,Female,Bhopal
P00826,Ananya Malhotra,1973-07-28,Other,Visakhapatnam
P00827,Pooja Pillai,1996-12-29,Male,Bhopal
P00828,Sana Rao,1992-08-22,Other,Kochi
P00829,Manoj Qureshi,1998-06-29,Other,Chandigarh
P00830,Neha Mehta,1972-03-27,Male,Chandigarh
P00831,Sunil Gupta,1961-12-29,Female,Delhi
P00832,Kiran Das,1984-04-28,Other,Ahmedabad
P00833,Priya Kumar,1976-11-12,Other,Ahmedabad
P00834,Amit Mukherjee,1963-10-21,Male,Ranchi
P00835,Neha Rao,1971-10-27,Male,Ahmedabad
P00836,Ramesh Joshi,1984-05-31,Other,Mumbai
P00837,Sana Naik,1983-12-07,Other,Ranchi
P00838,Diya Banerjee,1972-10-22,Female,Patna
P00839,Rajesh Nair,1993-05-16,Male,Bengaluru
P00840,Arjun Gupta,2000-12-10,Male,Mumbai
P00841,Gopal Verma,1960-01-17,Female,Guwahati
P00842,Sneha Ansari,1968-11-17,Female,Kolkata
P00843,Vikram Patel,1961-06-28,Male,Ranchi
P00844,Sana Qureshi,1969-08-21,Male,Visakhapatnam
P00845,Deepak Singh,1985-06-03,Other,Bhopal
P00846,Ramesh Kumar,1982-11-26,Female,Chandigarh
P00847,Ananya Nair,1989-09-23,Other,Kochi
P00848,Zara Joshi,1971-11-08,Other,Patna
P00849,Ayesha Mirza,2001-10-05,Female,Ahmedabad
P00850,Imran Banerjee,1971-12-07,Female,Lucknow
P00851,Rizwan Naik,1980-01-16,Male,Kolkata
P00852,Rizwan Sharma,1998-12-24,Female,Ranchi
P00853,Aditya Nair,2000-12-28,Female,Guwahati
P00854,Riya Pillai,1998-06-26,Male,Kochi
P00855,Diya Joshi,1965-04-17,Male,Indore
P00856,Vikram Nair,2003-04-17,Male,Chandigarh
P00857,Swati Sharma,1978-01-17,Male,Ahmedabad
P00858,Ayesha Singh,1983-11-07,Female,Hyderabad
P00859,Rizwan Sharma,1963-04-11,Female,Surat
P00860,Rizwan Malhotra,1971-04-27,Female,Kochi
P00861,Neha Rao,1997-02-26,Female,Hyderabad
P00862,Kiran Ansari,1999-05-03,Other,Ahmedabad
P00863,Priya Kapoor,1965-01-06,Male,Lucknow
P00864,Vivaan Joshi,1977-10-08,Male,Bengaluru
P00865,Sanjay Nair,1985-07-20,Male,Bengaluru
P00866,Prakash Mirza,1966-05-03,Female,Guwahati
P00867,Vinod Mirza,1992-11-06,Other,Mumbai
P00868,Nisha Pillai,1971-03-25,Other,Nagpur
P00869,Priya Patel,1966-11-21,Female,Pune
P00870,Sneha Malhotra,1997-09-15,Other,Patna
P00871,Rahul Menon,1979-02-27,Female,Ahmedabad
P00872,Ishaan Patel,1986-09-26,Other,Patna
P00873,Lakshmi Reddy,1963-09-16,Female,Mumbai
P00874,Nisha Singh,1980-01-17,Other,Guwahati
P00875,Kiran Iyer,1966-08-07,Male,Pune
P00876,Priya Pillai,1979-11-10,Male,Kochi
P00877,Reyansh Desai,1987-01-18,Female,Kochi
P00878,Imran Mehta,1966-03-15,Other,Patna
P00879,Neha Nair,1985-03-31,Female,Indore
P00880,Kavya Kapoor,1963-01-13,Female,Surat
P00881,Pallavi Mehta,1975-05-25,Female,Ranchi
P00882,Arjun Reddy,2005-06-03,Male,Bengaluru
P00883,Imran Rao,1996-11-04,Female,Ranchi
P00884,Riya Mukherjee,1964-02-24,Female,Visakhapatnam
P00885,Tanvi Mukherjee,1992-04-23,Other,Ahmedabad
P00886,Kiran Desai,1965-05-16,Female,Delhi
P00887,Harish Banerjee,1995-03-03,Other,Guwahati
P00888,Diya Kumar,1990-07-22,Male,Kolkata
P00889,Meera Ansari,1973-02-11,Male,Delhi
P00890,Nisha Singh,1989-08-17,Male,Chennai
P00891,Sunil Mehta,1981-10-04,Other,Bengaluru
P00892,Kabir Chopra,1997-11-10,Female,Patna
P00893,Vikram Hussain,1978-10-18,Other,Surat
P00894,Aarav Ansari,2002-05-26,Other,Visakhapatnam
P00895,Tanvi Kumar,1988-03-15,Male,Chennai
P00896,Ashok Banerjee,1999-08-26,Male,Hyderabad
P00897,Ashok Sheikh,1966-11-15,Female,Patna
P00898,Manoj Mirza,1987-12-17,Female,Bhopal
P00899,Zara Verma,1998-12-04,Other,Kochi
P00900,Aditya Nair,1978-09-28,Female,Chennai
P00901,Vinod Chatterjee,1987-05-03,Male,Bhopal
P00902,Sanjay Naik,1976-03-02,Male,Kochi
P00903,Amit Mirza,1985-05-06,Male,Chandigarh
P00904,Rajesh Desai,1979-01-29,Female,Hyderabad
P00905,Riya Reddy,1980-06-12,Other,Surat
P00906,Vikram Mehta,1988-05-11,Other,Bengaluru
P00907,Sneha Kapoor,1974-05-21,Female,Kochi
P00908,Gopal Hussain,1985-06-11,Male,Visakhapatnam
P00909,Priya Singh,1981-03-04,Other,Visakhapatnam
P00910,Shreya Reddy,1995-09-05,Other,Mumbai
P00911,Kavya Iyer,1973-08-29,Male,Ahmedabad
P00912,Aditya Kapoor,1963-06-10,Female,Pune
P00913,Amit Rao,1991-08-04,Other,Bhopal
P00914,Fatima Qureshi,1968-06-05,Other,Mumbai
P00915,Pooja Rao,1993-04-05,Other,Surat
P00916,Kavya Hussain,1992-04-17,Other,Patna
P00917,Manoj Rao,1971-02-16,Female,Bengaluru
P00918,Suresh Sharma,1986-04-22,Male,Kolkata
P00919,Ashok Sheikh,1974-08-01,Male,Ahmedabad
P00920,Salman Iyer,1978-04-24,Other,Nagpur
P00921,Harish Sharma,1960-08-09,Female,Chennai
P00922,Zara Nair,2000-11-27,Male,Ahmedabad
P00923,Rahul Chatterjee,1980-10-14,Other,Jaipur
P00924,Nisha Mirza,1985-08-14,Female,Surat
P00925,Rahul Iyer,1991-10-04,Female,Visakhapatnam
P00926,Vinod Chopra,1999-10-10,Male,Mumbai
P00927,Harish Menon,1985-06-19,Other,Guwahati
P00928,Sunil Desai,1980-04-23,Other,Hyderabad
P00929,Kiran Singh,1982-11-19,Female,Chandigarh
P00930,Amit Mehta,2004-08-24,Other,Lucknow
P00931,Sneha Reddy,1995-03-15,Male,Delhi
P00932,Sunil Chopra,2004-12-12,Female,Chennai
P00933,Rizwan Sharma,2004-08-07,Female,Lucknow
P00934,Rahul Qureshi,1988-06-25,Female,Bhopal
P00935,Farhan Patel,1999-09-04,Other,Ranchi
P00936,Sneha Joshi,1975-02-17,Other,Patna
P00937,Fatima Ansari,1992-05-16,Other,Indore
P00938,Harish Desai,1971-07-27,Other,Patna
P00939,Kavya Desai,1966-08-22,Female,Chennai
P00940,Farhan Mehta,1998-01-15,Male,Chandigarh
P00941,Zara Singh,1975-02-15,Female,Ahmedabad
P00942,Farhan Hussain,1980-11-23,Female,Chandigarh
P00943,Deepak Mehta,1999-11-06,Female,Surat
P00944,Reyansh Verma,1963-08-27,Other,Ranchi
P00945,Ramesh Chatterjee,1964-11-05,Female,Pune
P00946,Harish Kumar,1985-12-21,Other,Lucknow
P00947,Tanvi Patel,1970-04-05,Male,Pune
P00948,Sanjay Malhotra,1998-09-30,Female,Chennai
P00949,Vikram Hussain,1972-04-09,Male,Kochi
P00950,Sanjay Pillai,1972-01-12,Female,Delhi
P00951,Aarav Kapoor,1978-08-12,Male,Kolkata
P00952,Ashok Sheikh,1970-10-12,Female,Bengaluru
P00953,Ananya Chatterjee,1989-07-06,Other,Nagpur
P00954,Shreya Malhotra,1992-06-26,Female,Mumbai
P00955,Aditya Mukherjee,1973-07-27,Other,Indore
P00956,Aarav Mirza,1981-12-04,Other,Pune
P00957,Vivaan Menon,1960-04-12,Other,Ahmedabad
P00958,Riya Naik,1983-06-07,Female,Chennai
P00959,Ishaan Chopra,1994-04-02,Other,Lucknow
P00960,Priya Singh,1963-02-10,Female,Lucknow
P00961,Pallavi Khan,1995-05-28,Other,Visakhapatnam
P00962,Sanjay Malhotra,1969-02-07,Female,Kochi
P00963,Manoj Sheikh,1972-10-27,Male,Bhopal
P00964,Vivaan Gupta,1975-04-07,Other,Chennai
P00965,Meera Khan,1961-06-28,Other,Visakhapatnam
P00966,Priya Kumar,1984-12-11,Other,Delhi
P00967,Neha Mirza,2003-07-29,Female,Patna
P00968,Vinod Patel,2000-06-01,Male,Hyderabad
P00969,Zara Ali,1961-05-05,Male,Hyderabad
P00970,Tanvi Kapoor,1985-11-16,Male,Patna
P00971,Rahul Verma,1970-06-02,Male,Mumbai
P00972,Rajesh Malhotra,2005-01-09,Male,Visakhapatnam
P00973,Amit Chatterjee,2001-03-19,Other,Chennai
P00974,Tanvi Ali,1967-02-20,Other,Guwahati
P00975,Reyansh Desai,1967-10-04,Male,Kochi
P00976,Sneha Chatterjee,1973-08-04,Female,Visakhapatnam
P00977,Sneha Rao,1987-11-19,Female,Kolkata
P00978,Aditya Mukherjee,1993-10-10,Male,Kochi
P00979,Sanjay Gupta,1960-03-09,Male,Bengaluru
P00980,Reyansh Ali,1999-01-26,Other,Kochi
P00981,Diya Singh,1994-10-27,Male,Hyderabad
P00982,Rahul Pillai,1975-09-24,Female,Lucknow
P00983,Rahul Kapoor,1963-05-29,Male,Kolkata
P00984,Aditya Hussain,1979-10-10,Female,Chandigarh
P00985,Nisha Khan,1967-11-20,Male,Delhi
P00986,Aarav Hussain,1969-06-01,Other,Kolkata
P00987,Sanjay Rao,1989-10-14,Other,Jaipur
P00988,Rizwan Singh,1985-05-10,Female,Kolkata
P00989,Reyansh Chopra,1987-03-28,Female,Jaipur
P00990,Neha Naik,1992-07-17,Female,Kolkata
P00991,Reyansh Reddy,1963-12-28,Male,Hyderabad
P00992,Tanvi Qureshi,2000-03-14,Female,Ranchi
P00993,Salman Kapoor,1972-05-02,Other,Bhopal
P00994,Manoj Chatterjee,1961-12-17,Other,Chennai
P00995,Kiran Qureshi,1993-03-20,Male,Nagpur
P00996,Swati Patel,1964-04-23,Female,Chandigarh
P00997,Aarav Naik,1995-09-18,Other,Ranchi
P00998,Rizwan Banerjee,1975-03-30,Other,Chandigarh
P00999,Gopal Das,2002-01-26,Male,Nagpur
P01000,Imran Khan,1976-11-30,Female,Indore
P01001,Imran Menon,2003-08-25,Female,Chennai
P01002,Prakash Mirza,2001-09-16,Male,Mumbai
P01003,Zara Qureshi,1970-09-05,Other,Kochi
P01004,Lakshmi Hussain,1971-04-04,Male,Kochi
P01005,Vikram Gupta,1982-07-08,Female,Delhi
P01006,Harish Gupta,1997-06-17,Other,Bhopal
P01007,Shreya Ali,1975-12-28,Male,Surat
P01008,Swati Ansari,1998-12-29,Female,Bengaluru
P01009,Lakshmi Kapoor,1981-07-04,Male,Kochi
P01010,Farhan Pillai,1961-03-17,Male,Bhopal
P01011,Tanvi Patel,1997-11-29,Other,Mumbai
P01012,Kabir Ansari,2001-02-11,Other,Lucknow
P01013,Harish Mukherjee,1974-01-28,Other,Surat
P01014,Sanjay Rao,1963-09-11,Male,Surat
P01015,Sanjay Mukherjee,2002-03-05,Other,Kochi
P01016,Sana Menon,1984-09-20,Other,Surat
P01017,Reyansh Kumar,2004-11-02,Male,Mumbai
P01018,Sanjay Rao,2003-02-13,Female,Patna
P01019,Gopal Rao,1967-03-27,Male,Kolkata
P01020,Lakshmi Reddy,1987-11-05,Male,Jaipur
P01021,Vinod Iyer,1972-10-05,Male,Bhopal
P01022,Meera Kapoor,1972-12-19,Other,Chandigarh
P01023,Ishaan Sheikh,1988-03-15,Male,Ranchi
P01024,Reyansh Sheikh,1990-08-28,Female,Ranchi
P01025,Harish Reddy,1993-12-11,Male,Visakhapatnam
P01026,Farhan Patel,1997-08-24,Female,Ranchi
P01027,Kiran Qureshi,1994-08-04,Male,Ranchi
P01028,Kavya Khan,1968-09-25,Male,Bhopal
P01029,Imran Chatterjee,2001-04-01,Female,Visakhapatnam
P01030,Neha Malhotra,2001-06-10,Other,Ahmedabad
P01031,Amit Chopra,1983-05-01,Female,Surat
P01032,Ananya Reddy,1988-02-01,Other,Visakhapatnam
P01033,Rajesh Ali,1997-04-11,Female,Patna
P01034,Fatima Iyer,1973-09-02,Male,Guwahati
P01035,Sana Desai,1983-07-01,Other,Chennai
P01036,Sana Pillai,1972-02-06,Other,Patna
P01037,Ayesha Pillai,1981-12-08,Other,Hyderabad
P01038,Manoj Mukherjee,1992-09-08,Other,Ranchi
P01039,Imran Naik,1988-05-29,Other,Patna
P01040,Suresh Mirza,1988-09-28,Male,Visakhapatnam
P01041,Ishaan Sharma,1985-12-01,Male,Delhi
P01042,Imran Patel,1973-08-08,Female,Kolkata
P01043,Suresh Menon,1977-01-18,Male,Delhi
P01044,Ayesha Ansari,1980-01-31,Male,Patna
P01045,Aditya Rao,1990-10-19,Male,Guwahati
P01046,Salman Khan,1998-03-27,Male,Patna
P01047,Neha Gupta,1994-10-08,Other,Lucknow
P01048,Ayesha Menon,1963-03-13,Female,Bhopal
P01049,Tanvi Ansari,1981-04-11,Other,Delhi
P01050,Aarav Khan,1977-02-07,Male,Guwahati
P01051,Swati Ali,1975-05-08,Other,Indore
P01052,Ramesh Mukherjee,2001-01-22,Male,Pune
P01053,Suresh Kapoor,1972-01-27,Other,Bengaluru
P01054,Kavya Nair,1994-12-19,Male,Bhopal
P01055,Aditya Malhotra,1978-12-29,Other,Jaipur
P01056,Ananya Nair,1999-09-28,Female,Mumbai
P01057,Sanjay Kapoor,1970-07-14,Male,Chennai
P01058,Vikram Chatterjee,1963-06-18,Other,Guwahati
P01059,Imran Desai,1993-05-19,Other,Patna
P01060,Manoj Singh,1981-08-18,Other,Ahmedabad
P01061,Kavya Das,1964-08-21,Other,Kolkata
P01062,Tanvi Mukherjee,1996-07-18,Female,Bengaluru
P01063,Manoj Gupta,1974-07-08,Other,Chandigarh
P01064,Sanjay Rao,1979-12-23,Male,Guwahati
P01065,Gopal Verma,1998-03-14,Other,Mumbai
P01066,Reyansh Menon,1983-07-19,Female,Ahmedabad
P01067,Zara Chatterjee,2002-04-08,Male,Delhi
P01068,Salman Mirza,1981-11-02,Female,Hyderabad
P01069,Neha Mehta,1996-10-05,Other,Lucknow
P01070,Vivaan Qureshi,1995-03-04,Female,Visakhapatnam
P01071,Harish Kapoor,1993-02-15,Male,Lucknow
P01072,Zara Iyer,1981-10-18,Other,Bengaluru
P01073,Ishaan Nair,1996-08-10,Other,Mumbai
P01074,Fatima Singh,1974-05-06,Other,Pune
P01075,Salman Malhotra,1967-01-27,Male,Patna
P01076,Ayesha Mirza,1989-08-13,Other,Bengaluru
P01077,Farhan Menon,1970-06-18,Male,Surat
P01078,Sana Joshi,1962-07-30,Male,Bengaluru
P01079,Arjun Nair,1977-02-21,Other,Bengaluru
P01080,Ashok Ali,1975-06-29,Female,Nagpur
P01081,Neha Kapoor,2002-11-20,Female,Nagpur
P01082,Vikram Sharma,1986-07-04,Other,Hyderabad
P01083,Naveen Sharma,2003-08-25,Other,Guwahati
P01084,Rohan Sheikh,1999-11-07,Male,Bengaluru
P01085,Manoj Qureshi,1994-03-21,Male,Lucknow
P01086,Salman Desai,2001-04-11,Male,Lucknow
P01087,Swati Chopra,1986-11-20,Other,Mumbai
P01088,Kiran Nair,1996-04-20,Male,Chennai
P01089,Farhan Chopra,1997-02-19,Female,Chennai
P01090,Rajesh Menon,2004-02-03,Female,Mumbai
P01091,Prakash Hussain,1997-10-09,Male,Hyderabad
P01092,Aditya Sharma,1998-12-21,Other,Bhopal
P01093,Naveen Mukherjee,1965-10-16,Female,Pune
P01094,Farhan Khan,1983-05-26,Male,Nagpur
P01095,Zara Hussain,1994-11-17,Male,Kolkata
P01096,Kavya Gupta,2001-12-23,Female,Pune
P01097,Reyansh Nair,2005-08-29,Other,Delhi
P01098,Prakash Kapoor,2003-11-14,Other,Bengaluru
P01099,Suresh Menon,1964-08-01,Female,Hyderabad
P01100,Sneha Khan,1999-07-05,Female,Chandigarh
P01101,Manoj Reddy,2005-09-06,Other,Ahmedabad
P01102,Ishaan Desai,2002-02-27,Male,Pune
P01103,Vikram Verma,1990-08-31,Female,Guwahati
P01104,Imran Desai,1999-10-02,Male,Ranchi
P01105,Ashok Rao,1981-07-11,Female,Kolkata
P01106,Aarav Joshi,1976-10-01,Male,Nagpur
P01107,Amit Ali,1984-06-18,Male,Chandigarh
P01108,Kiran Kapoor,1990-04-22,Female,Lucknow
P01109,Lakshmi Mukherjee,1967-05-29,Male,Guwahati
P01110,Kabir Ali,1979-02-04,Male,Patna
P01111,Sneha Mehta,2002-08-22,Male,Bengaluru
P01112,Vivaan Hussain,1994-07-06,Other,Mumbai
P01113,Ramesh Banerjee,1987-07-27,Other,Pune
P01114,Aditya Mukherjee,1977-09-25,Other,Patna
P01115,Kiran Pillai,1970-02-11,Female,Bhopal
P01116,Riya Mirza,2000-02-14,Other,Lucknow
P01117,Ananya Kapoor,1994-02-06,Other,Bengaluru
P01118,Shreya Rao,1994-03-04,Male,Ahmedabad
P01119,Vinod Menon,1971-04-15,Other,Chennai
P01120,Swati Nair,1972-03-10,Other,Ranchi
P01121,Imran Hussain,1969-12-12,Other,Kochi
P01122,Manoj Patel,1974-11-21,Female,Ahmedabad
P01123,Rohan Mehta,1985-02-20,Male,Delhi
P01124,Imran Iyer,1995-03-30,Female,Bhopal
P01125,Kiran Qureshi,1990-12-09,Male,Delhi
P01126,Zara Joshi,1967-01-09,Other,Visakhapatnam
P01127,Fatima Ali,1978-08-11,Other,Jaipur
P01128,Ramesh Mukherjee,1998-10-19,Male,Bhopal
P01129,Zara Chopra,1984-11-09,Other,Bengaluru
P01130,Gopal Mehta,1985-08-10,Male,Visakhapatnam
P01131,Shreya Rao,1983-06-24,Female,Kochi
P01132,Sunil Sharma,1994-02-24,Male,Surat
P01133,Priya Gupta,1965-03-31,Other,Jaipur
P01134,Meera Reddy,1972-09-19,Male,Indore
P01135,Sunil Naik,1968-01-20,Other,Ahmedabad
P01136,Tanvi Ansari,1982-06-21,Other,Hyderabad
P01137,Kiran Menon,1992-08-01,Female,Pune
P01138,Ramesh Nair,2004-01-17,Female,Mumbai
P01139,Pooja Patel,1968-09-13,Other,Ranchi
P01140,Priya Reddy,2002-11-03,Other,Delhi
P01141,Ashok Reddy,1963-10-21,Male,Jaipur
P01142,Kavya Das,1987-08-04,Other,Ranchi
P01143,Fatima Sharma,2005-01-11,Female,Bengaluru
P01144,Meera Kapoor,2001-04-10,Female,Kochi
P01145,Priya Gupta,1987-12-14,Other,Chennai
P01146,Ramesh Ali,1972-05-17,Other,Visakhapatnam
P01147,Rahul Nair,1983-04-27,Female,Guwahati
P01148,Ramesh Singh,1975-08-22,Female,Bhopal
P01149,Ananya Kumar,1961-02-15,Male,Visakhapatnam
P01150,Harish Menon,1988-07-26,Male,Guwahati
P01151,Ishaan Nair,1992-05-19,Other,Guwahati
P01152,Aditya Mirza,1996-02-29,Other,Hyderabad
P01153,Kabir Verma,2004-11-14,Male,Guwahati
P01154,Naveen Ali,1960-01-30,Other,Nagpur
P01155,Gopal Malhotra,1985-03-15,Male,Visakhapatnam
P01156,Nisha Gupta,1992-10-22,Female,Indore
P01157,Ramesh Ansari,1999-03-16,Male,Nagpur
P01158,Ananya Mehta,1992-06-20,Male,Bengaluru
P01159,Suresh Chatterjee,1996-12-31,Female,Jaipur
P01160,Sneha Sharma,1960-06-25,Other,Visakhapatnam
P01161,Reyansh Das,1960-06-27,Female,Pune
P01162,Ayesha Ansari,1981-06-30,Female,Indore
P01163,Ishaan Reddy,1988-12-29,Other,Ranchi
P01164,Rahul Mehta,1996-06-24,Female,Ranchi
P01165,Deepak Chatterjee,1978-10-02,Other,Bhopal
P01166,Meera Malhotra,1997-07-27,Other,Kochi
P01167,Kavya Rao,1998-01-17,Other,Kochi
P01168,Rahul Desai,1999-04-23,Female,Bhopal
P01169,Farhan Reddy,2004-11-11,Male,Ahmedabad
P01170,Swati Ansari,1971-01-04,Male,Pune
P01171,Harish Chopra,1983-01-11,Other,Guwahati
P01172,Ayesha Menon,1963-07-17,Male,Bhopal
P01173,Fatima Sharma,1966-03-14,Male,Kochi
P01174,Sunil Malhotra,1965-12-30,Male,Jaipur
P01175,Riya Rao,1965-06-12,Other,Delhi
P01176,Rizwan Chopra,1987-04-07,Other,Visakhapatnam
P01177,Suresh Naik,2000-08-28,Male,Kolkata
P01178,Fatima Verma,1989-11-14,Male,Pune
P01179,Imran Qureshi,1995-04-05,Female,Pune
P01180,Aditya Ansari,2000-10-18,Other,Visakhapatnam
P01181,Ayesha Gupta,2001-11-11,Male,Delhi
P01182,Deepak Gupta,2004-07-28,Male,Kolkata
P01183,Kabir Mehta,1987-03-07,Female,Bhopal
P01184,Shreya Banerjee,1973-08-18,Other,Mumbai
P01185,Farhan Naik,1964-09-01,Male,Patna
P01186,Suresh Khan,1998-01-17,Other,Indore
P01187,Manoj Ali,1978-10-25,Male,Guwahati
P01188,Sneha Kapoor,1987-06-28,Other,Mumbai
P01189,Rahul Nair,1987-09-15,Other,Hyderabad
P01190,Prakash Singh,1994-03-29,Female,Chandigarh
P01191,Reyansh Ansari,1994-12-05,Female,Patna
P01192,Ashok Mehta,1990-02-17,Female,Ranchi
P01193,Kiran Sheikh,1976-07-21,Female,Surat
P01194,Salman Kapoor,1999-12-07,Male,Kochi
P01195,Reyansh Mehta,1964-08-06,Female,Ahmedabad
P01196,Salman Naik,1975-08-24,Female,Nagpur
P01197,Manoj Das,1996-06-13,Male,Jaipur
P01198,Pooja Desai,1966-04-30,Female,Chandigarh
P01199,Rohan Mukherjee,1972-02-23,Female,Chandigarh
P01200,Manoj Iyer,1999-01-15,Female,Kolkata
P01201,Farhan Menon,1972-12-09,Female,Pune
P01202,Pooja Khan,1976-06-21,Female,Pune
P01203,Riya Iyer,1976-12-28,Other,Indore
P01204,Diya Sheikh,1967-04-05,Male,Bengaluru
P01205,Salman Menon,1993-07-11,Other,Mumbai
P01206,Naveen Patel,1992-10-26,Female,Guwahati
P01207,Vikram Verma,1999-02-04,Female,Kochi
P01208,Kavya Sheikh,1994-10-13,Female,Bhopal
P01209,Riya Sheikh,1999-03-30,Male,Delhi
P01210,Gopal Ansari,1988-10-18,Female,Patna
P01211,Aditya Das,1983-08-19,Female,Kolkata
P01212,Pallavi Kumar,1995-04-07,Female,Chandigarh
P01213,Ayesha Sharma,1960-10-20,Other,Pune
P01214,Neha Banerjee,1966-11-09,Female,Indore
P01215,Vinod Hussain,1977-09-02,Male,Patna
P01216,Rahul Gupta,1978-05-02,Female,Guwahati
P01217,Sanjay Rao,1972-07-07,Female,Nagpur
P01218,Meera Malhotra,1985-05-02,Female,Bhopal
P01219,Amit Kapoor,1972-03-29,Other,Chennai
P01220,Ashok Menon,1975-07-22,Male,Jaipur
P01221,Pooja Mukherjee,1989-05-30,Female,Pune
P01222,Diya Ansari,1970-03-06,Female,Mumbai
P01223,Kavya Malhotra,1993-12-30,Male,Visakhapatnam
P01224,Naveen Khan,1981-06-26,Female,Lucknow
P01225,Rahul Mukherjee,1998-08-22,Male,Bhopal
P01226,Ishaan Naik,1971-02-11,Male,Pune
P01227,Rahul Verma,2002-11-11,Male,Surat
P01228,Farhan Joshi,1977-09-04,Female,Indore
P01229,Prakash Mukherjee,1977-07-15,Female,Mumbai
P01230,Tanvi Kumar,1983-11-22,Other,Guwahati
P01231,Sneha Banerjee,1999-03-10,Other,Patna
P01232,Kavya Sheikh,1979-05-14,Female,Chandigarh
P01233,Salman Das,1993-03-04,Other,Surat
P01234,Kabir Chopra,2001-10-04,Female,Surat
P01235,Fatima Reddy,1971-05-28,Other,Chandigarh
P01236,Tanvi Pillai,2001-09-01,Other,Bhopal
P01237,Rohan Singh,1971-01-09,Female,Ahmedabad
P01238,Vikram Joshi,2004-06-08,Female,Jaipur
P01239,Sunil Pillai,1986-11-29,Female,Surat
P01240,Deepak Khan,1999-12-09,Other,Surat
P01241,Tanvi Nair,1972-07-06,Male,Chennai
P01242,Rizwan Gupta,2005-01-18,Female,Bengaluru
P01243,Meera Nair,1987-01-07,Male,Hyderabad
P01244,Rohan Qureshi,1992-03-14,Other,Delhi
P01245,Vivaan Sheikh,1987-01-06,Other,Bengaluru
P01246,Ishaan Mehta,2002-01-23,Male,Bengaluru
P01247,Zara Qureshi,1986-07-12,Female,Ahmedabad
P01248,Pooja Khan,1979-05-04,Female,Chennai
P01249,Ananya Das,1971-08-11,Male,Delhi
P01250,Imran Rao,1982-02-16,Female,Surat
P01251,Naveen Qureshi,1978-07-15,Other,Surat
P01252,Ananya Naik,1996-09-12,Male,Ranchi
P01253,Sunil Kapoor,2002-12-10,Other,Ranchi
P01254,Nisha Das,2003-07-15,Other,Patna
P01255,Rajesh Qureshi,1983-08-16,Female,Patna
P01256,Riya Ansari,1966-02-03,Female,Lucknow
P01257,Deepak Malhotra,1977-09-05,Male,Lucknow
P01258,Aarav Sharma,1995-08-12,Male,Indore
P01259,Suresh Verma,1996-05-30,Male,Kochi
P01260,Kiran Desai,1960-08-14,Female,Lucknow
P01261,Sunil Gupta,1960-06-28,Other,Indore
P01262,Sneha Malhotra,1998-02-22,Female,Bhopal
P01263,Pooja Nair,2003-12-17,Female,Bhopal
P01264,Riya Mehta,1965-05-22,Female,Ahmedabad
P01265,Gopal Sheikh,2001-09-23,Other,Jaipur
P01266,Suresh Pillai,1996-03-13,Female,Nagpur
P01267,Sneha Hussain,1964-08-28,Male,Chennai
P01268,Suresh Kumar,2003-05-05,Female,Guwahati
P01269,Swati Mehta,2002-05-18,Female,Pune
P01270,Vikram Sharma,1970-05-09,Male,Patna
P01271,Vivaan Nair,1966-12-17,Female,Jaipur
P01272,Ananya Naik,1989-10-31,Other,Mumbai
P01273,Riya Singh,1970-04-03,Male,Kochi
P01274,Meera Joshi,1988-08-06,Female,Kochi
P01275,Deepak Kapoor,1962-02-27,Female,Bengaluru
P01276,Diya Patel,1978-02-18,Female,Bengaluru
P01277,Naveen Verma,1972-05-10,Male,Jaipur
P01278,Neha Ali,1960-11-09,Male,Ahmedabad
P01279,Neha Sheikh,1990-02-21,Male,Delhi
P01280,Sneha Kapoor,1966-05-24,Other,Pune
P01281,Kiran Chopra,1981-03-28,Female,Kolkata
P01282,Fatima Khan,1962-11-14,Other,Patna
P01283,Gopal Kumar,1977-03-28,Female,Lucknow
P01284,Sneha Rao,1963-07-18,Other,Pune
P01285,Reyansh Gupta,2003-01-26,Female,Chandigarh
P01286,Aarav Nair,1978-10-15,Other,Hyderabad
P01287,Shreya Ansari,1976-07-17,Male,Delhi
P01288,Ramesh Ansari,1992-05-04,Other,Guwahati
P01289,Diya Rao,1966-02-02,Male,Kolkata
P01290,Lakshmi Singh,2002-02-05,Female,Delhi
P01291,Arjun Rao,2003-11-11,Male,Patna
P01292,Ishaan Reddy,1993-03-13,Male,Chandigarh
P01293,Prakash Ansari,2003-11-13,Female,Surat
P01294,Rizwan Iyer,1961-06-14,Other,Bhopal
P01295,Manoj Khan,1969-03-02,Female,Delhi
P01296,Lakshmi Naik,1989-10-09,Other,Lucknow
P01297,Naveen Naik,1993-05-08,Male,Ranchi
P01298,Kavya Mukherjee,1983-08-29,Female,Surat
P01299,Amit Hussain,2000-09-27,Other,Kolkata
P01300,Rohan Das,1970-07-20,Female,Lucknow
P01301,Rahul Mukherjee,1984-12-24,Female,Mumbai
P01302,Fatima Das,1985-10-17,Other,Kolkata
P01303,Vivaan Chatterjee,1984-10-10,Other,Ahmedabad
P01304,Vikram Khan,1964-04-23,Other,Patna
P01305,Neha Iyer,1995-08-30,Other,Kochi
P01306,Prakash Reddy,2001-09-19,Female,Chandigarh
P01307,Tanvi Pillai,1981-11-29,Male,Hyderabad
P01308,Gopal Menon,1964-07-15,Male,Chennai
P01309,Kavya Hussain,1962-02-16,Male,Hyderabad
P01310,Lakshmi Iyer,1966-09-20,Male,Ranchi
P01311,Zara Ali,1986-06-11,Other,Kochi
P01312,Gopal Chatterjee,2000-03-03,Female,Delhi
P01313,Deepak Gupta,2001-03-27,Other,Bengaluru
P01314,Aarav Qureshi,1974-03-16,Other,Kochi
P01315,Kabir Kapoor,2003-06-24,Male,Indore
P01316,Prakash Khan,1988-04-21,Female,Delhi
P01317,Vinod Mehta,1995-12-31,Male,Bengaluru
P01318,Rajesh Singh,1974-09-10,Other,Hyderabad
P01319,Ishaan Khan,1975-09-20,Other,Bhopal
P01320,Sneha Iyer,1995-10-22,Other,Ahmedabad
P01321,Ashok Pillai,1972-03-04,Other,Patna
P01322,Tanvi Khan,1967-03-07,Other,Ranchi
P01323,Manoj Menon,1991-03-20,Other,Nagpur
P01324,Ishaan Nair,1972-04-10,Other,Bhopal
P01325,Harish Joshi,2004-09-29,Male,Patna
P01326,Sunil Kapoor,1983-12-23,Female,Patna
P01327,Vikram Hussain,1985-04-18,Female,Nagpur
P01328,Rizwan Joshi,2001-05-27,Male,Ranchi
P01329,Naveen Iyer,1985-07-10,Other,Jaipur
P01330,Deepak Kapoor,1990-06-14,Female,Mumbai
P01331,Rizwan Patel,1979-05-11,Other,Mumbai
P01332,Gopal Reddy,1980-07-16,Male,Lucknow
P01333,Riya Iyer,1981-06-05,Male,Jaipur
P01334,Prakash Das,1997-11-09,Other,Ranchi
P01335,Diya Kumar,1962-07-26,Female,Indore
P01336,Diya Reddy,1978-01-12,Female,Ranchi
P01337,Pooja Gupta,1977-06-08,Female,Bengaluru
P01338,Ashok Chopra,1998-09-22,Male,Bengaluru
P01339,Rizwan Joshi,1992-11-01,Male,Kochi
P01340,Ayesha Naik,1999-03-19,Male,Guwahati
P01341,Zara Desai,1962-07-17,Other,Ranchi
P01342,Neha Singh,1963-10-21,Female,Indore
P01343,Nisha Malhotra,1968-03-15,Male,Guwahati
P01344,Aarav Pillai,2003-01-08,Female,Delhi
P01345,Rajesh Das,1962-10-20,Female,Patna
P01346,Ashok Reddy,1982-03-29,Other,Ahmedabad
P01347,Diya Patel,2005-11-03,Other,Bhopal
P01348,Swati Sheikh,2000-07-01,Other,Visakhapatnam
P01349,Kabir Gupta,1989-05-23,Female,Bhopal
P01350,Diya Reddy,1982-11-16,Male,Kochi
P01351,Ashok Khan,1963-05-10,Other,Bhopal
P01352,Rahul Singh,1987-02-13,Other,Nagpur
P01353,Ayesha Reddy,1969-03-06,Female,Patna
P01354,Sneha Verma,1986-11-25,Other,Ranchi
P01355,Sneha Mukherjee,2001-12-01,Other,Visakhapatnam
P01356,Pooja Gupta,1964-11-15,Female,Nagpur
P01357,Vikram Menon,1999-03-14,Male,Hyderabad
P01358,Imran Malhotra,1988-10-27,Female,Indore
P01359,Sneha Joshi,1983-06-12,Other,Mumbai
P01360,Rajesh Nair,1983-10-19,Other,Surat
P01361,Vinod Reddy,1989-12-21,Male,Ahmedabad
P01362,Sneha Menon,1985-06-09,Male,Bengaluru
P01363,Reyansh Khan,1963-09-17,Male,Guwahati
P01364,Diya Hussain,1979-07-30,Male,Chandigarh
P01365,Ayesha Ansari,1967-07-28,Female,Surat
P01366,Kiran Sharma,1982-08-01,Male,Patna
P01367,Meera Iyer,1997-03-08,Other,Jaipur
P01368,Prakash Verma,2002-05-25,Other,Chennai
P01369,Ayesha Naik,2005-06-22,Male,Bhopal
P01370,Ramesh Mirza,2005-02-25,Other,Delhi
P01371,Rahul Nair,1964-02-03,Female,Pune
P01372,Ayesha Chatterjee,1978-06-17,Male,Surat
P01373,Zara Sharma,1964-07-13,Female,Jaipur
P01374,Imran Hussain,2004-12-01,Female,Hyderabad
P01375,Vivaan Desai,2004-03-11,Female,Ahmedabad
P01376,Neha Das,1966-10-11,Female,Kochi
P01377,Sunil Mukherjee,1965-12-27,Male,Pune
P01378,Harish Kapoor,1998-02-25,Other,Mumbai
P01379,Aditya Gupta,1996-01-10,Female,Chandigarh
P01380,Lakshmi Chopra,1970-09-07,Male,Indore
P01381,Salman Rao,1984-03-07,Other,Lucknow
P01382,Pooja Das,1978-10-09,Male,Jaipur
P01383,Neha Mirza,1962-01-02,Other,Jaipur
P01384,Riya Reddy,1983-04-05,Female,Chennai
P01385,Kabir Khan,1986-01-03,Other,Guwahati
P01386,Fatima Menon,1975-06-23,Female,Ahmedabad
P01387,Ashok Reddy,1989-01-07,Female,Guwahati
P01388,Sanjay Kapoor,1996-11-24,Male,Pune
P01389,Zara Reddy,1999-07-16,Other,Pune
P01390,Ananya Desai,1995-08-24,Male,Nagpur
P01391,Diya Pillai,1998-06-09,Male,Chandigarh
P01392,Rohan Mukherjee,1996-04-07,Other,Hyderabad
P01393,Kavya Joshi,1969-11-25,Other,Mumbai
P01394,Vikram Mirza,1988-03-05,Female,Lucknow
P01395,Swati Khan,2003-05-03,Other,Jaipur
P01396,Diya Sheikh,1972-10-15,Male,Chennai
P01397,Kavya Sharma,2001-08-23,Other,Jaipur
P01398,Sunil Banerjee,2001-09-02,Male,Guwahati
P01399,Riya Gupta,1961-10-10,Female,Bengaluru
P01400,Ayesha Sheikh,1992-06-07,Male,Visakhapatnam
P01401,Sunil Verma,2004-03-15,Female,Kolkata
P01402,Neha Verma,1992-03-30,Male,Kolkata
P01403,Sneha Gupta,1962-03-12,Female,Mumbai
P01404,Amit Malhotra,1975-02-22,Other,Pune
P01405,Meera Singh,1972-01-19,Female,Guwahati
P01406,Lakshmi Naik,1982-02-09,Female,Ahmedabad
P01407,Nisha Chopra,1962-11-05,Other,Bhopal
P01408,Rizwan Joshi,1986-10-27,Other,Ranchi
P01409,Sunil Mukherjee,1995-09-28,Other,Delhi
P01410,Gopal Kumar,1990-09-24,Female,Delhi
P01411,Pooja Das,1996-08-07,Female,Delhi
P01412,Prakash Chopra,1995-02-14,Other,Delhi
P01413,Sneha Desai,1989-11-29,Female,Lucknow
P01414,Suresh Kapoor,1971-05-01,Female,Lucknow
P01415,Vinod Qureshi,1963-09-17,Other,Visakhapatnam
P01416,Diya Kapoor,2003-12-19,Female,Bengaluru
P01417,Rizwan Das,1967-09-13,Male,Ranchi
P01418,Ayesha Mukherjee,1969-03-17,Female,Nagpur
P01419,Vikram Kapoor,1961-09-11,Male,Surat
P01420,Ramesh Mirza,1973-09-28,Female,Bengaluru
P01421,Rahul Joshi,2004-02-19,Other,Kolkata
P01422,Sana Khan,1968-05-28,Male,Hyderabad
P01423,Sana Kapoor,2003-02-23,Female,Bengaluru
P01424,Gopal Naik,1986-02-19,Other,Visakhapatnam
P01425,Vinod Nair,1985-10-08,Other,Bhopal
P01426,Aditya Sheikh,1971-08-18,Female,Ranchi
P01427,Imran Hussain,1970-03-19,Male,Chennai
P01428,Kavya Sheikh,1963-06-29,Female,Lucknow
P01429,Rajesh Khan,1990-05-14,Female,Kolkata
P01430,Reyansh Mirza,1968-12-14,Male,Mumbai
P01431,Vinod Sheikh,1977-03-23,Male,Surat
P01432,Lakshmi Hussain,1993-12-06,Other,Mumbai
P01433,Sunil Mirza,1993-07-31,Male,Pune
P01434,Ramesh Menon,1992-05-15,Female,Nagpur
P01435,Swati Singh,2000-11-29,Other,Mumbai
P01436,Pooja Mirza,1997-03-31,Female,Guwahati
P01437,Fatima Mukherjee,1974-02-16,Male,Kolkata
P01438,Diya Patel,2004-06-15,Female,Delhi
P01439,Diya Hussain,1962-03-17,Other,Ranchi
P01440,Sunil Desai,1982-07-13,Male,Delhi
P01441,Ishaan Malhotra,1972-02-17,Male,Lucknow
P01442,Vinod Menon,2000-06-27,Other,Patna
P01443,Kavya Kapoor,1999-05-26,Female,Delhi
P01444,Kabir Sheikh,1980-05-14,Female,Indore
P01445,Neha Ali,1964-08-08,Female,Patna
P01446,Rohan Desai,1992-01-15,Male,Hyderabad
P01447,Ayesha Hussain,1978-09-03,Female,Visakhapatnam
P01448,Tanvi Das,1974-04-12,Other,Pune
P01449,Vinod Patel,1967-06-09,Other,Visakhapatnam
P01450,Kabir Verma,2001-02-25,Other,Lucknow
P01451,Nisha Chatterjee,1981-07-15,Female,Visakhapatnam
P01452,Ashok Chatterjee,1984-01-30,Male,Guwahati
P01453,Ashok Verma,1995-05-14,Other,Kochi
P01454,Lakshmi Ansari,1972-03-29,Other,Ahmedabad
P01455,Sana Desai,1973-03-03,Male,Hyderabad
P01456,Vivaan Kapoor,2002-07-24,Male,Pune
P01457,Vinod Malhotra,1988-03-05,Male,Chandigarh
P01458,Manoj Mukherjee,2003-05-20,Male,Mumbai
P01459,Fatima Iyer,1979-03-01,Female,Bengaluru
P01460,Rajesh Desai,1994-06-24,Other,Chandigarh
P01461,Aarav Kumar,1982-09-05,Female,Bhopal
P01462,Rizwan Banerjee,2001-12-01,Male,Kolkata
P01463,Sneha Joshi,1982-12-30,Other,Kochi
P01464,Kiran Ansari,1962-06-02,Other,Chennai
P01465,Kiran Reddy,2002-09-06,Female,Patna
P01466,Sanjay Kapoor,1988-03-02,Other,Delhi
P01467,Gopal Desai,1998-06-11,Other,Chandigarh
P01468,Prakash Mukherjee,1961-04-10,Male,Ranchi
P01469,Salman Joshi,1984-01-23,Male,Chennai
P01470,Amit Ali,1962-02-13,Female,Bhopal
P01471,Fatima Mukherjee,1971-04-18,Other,Guwahati
P01472,Neha Nair,2000-07-02,Male,Lucknow
P01473,Sana Hussain,1981-05-26,Other,Delhi
P01474,Amit Malhotra,1965-11-27,Female,Ahmedabad
P01475,Deepak Kapoor,1980-08-04,Male,Visakhapatnam
P01476,Rajesh Nair,1967-08-21,Female,Delhi
P01477,Sneha Qureshi,1966-04-20,Female,Visakhapatnam
P01478,Vivaan Ansari,1992-11-04,Other,Chennai
P01479,Sneha Joshi,1992-11-24,Other,Visakhapatnam
P01480,Rajesh Sheikh,1982-04-11,Male,Hyderabad
P01481,Gopal Menon,1969-01-11,Male,Delhi
P01482,Pallavi Chopra,1995-07-18,Male,Mumbai
P01483,Rajesh Qureshi,1962-12-30,Other,Guwahati
P01484,Kabir Joshi,1991-10-09,Male,Hyderabad
P01485,Gopal Sheikh,2004-11-04,Other,Lucknow
P01486,Vivaan Banerjee,1981-03-29,Other,Pune
P01487,Vikram Iyer,1973-02-06,Female,Jaipur
P01488,Naveen Joshi,1990-01-06,Other,Hyderabad
P01489,Amit Reddy,1970-09-19,Female,Hyderabad
P01490,Aarav Chatterjee,1998-01-30,Other,Hyderabad
P01491,Meera Mukherjee,1983-11-03,Other,Chandigarh
P01492,Amit Reddy,1979-04-11,Other,Ahmedabad
P01493,Priya Singh,1981-03-10,Other,Chandigarh
P01494,Naveen Kapoor,1963-06-14,Male,Mumbai
P01495,Kiran Mirza,2005-12-19,Male,Hyderabad
P01496,Neha Patel,1965-11-10,Female,Bhopal
P01497,Kavya Naik,2000-07-25,Other,Surat
P01498,Vinod Rao,1981-04-05,Female,Pune
P01499,Sana Sheikh,2005-08-26,Other,Bengaluru
P01500,Pallavi Banerjee,1968-12-19,Male,Surat
P01501,Ishaan Kapoor,1981-02-13,Other,Surat
P01502,Kiran Gupta,1975-03-25,Male,Guwahati
P01503,Rahul Qureshi,1984-09-24,Female,Kolkata
P01504,Ayesha Qureshi,2005-04-07,Female,Chandigarh
P01505,Pallavi Verma,1962-01-22,Male,Kochi
P01506,Reyansh Rao,1992-07-27,Female,Kolkata
P01507,Suresh Sheikh,1983-09-21,Other,Ranchi
P01508,Ananya Das,1967-01-02,Female,Hyderabad
P01509,Vikram Mukherjee,2004-03-12,Male,Lucknow
P01510,Naveen Kapoor,1987-04-11,Other,Nagpur
P01511,Pooja Chatterjee,1976-07-31,Other,Kolkata
P01512,Kiran Chopra,1964-06-29,Female,Pune
P01513,Ayesha Banerjee,1989-05-04,Female,Ranchi
P01514,Sanjay Mukherjee,1976-01-26,Male,Bengaluru
P01515,Farhan Qureshi,1999-01-27,Female,Hyderabad
P01516,Ramesh Chatterjee,1991-07-02,Female,Patna
P01517,Ishaan Ali,1990-04-18,Male,Lucknow
P01518,Shreya Singh,2000-09-16,Male,Guwahati
P01519,Neha Joshi,1993-08-20,Other,Delhi
P01520,Kabir Iyer,1969-06-14,Other,Mumbai
P01521,Diya Menon,1970-02-25,Female,Patna
P01522,Suresh Chopra,2001-11-21,Other,Surat
P01523,Sneha Iyer,1981-07-18,Female,Ranchi
P01524,Salman Desai,1989-08-01,Other,Indore
P01525,Kabir Banerjee,1960-07-20,Other,Visakhapatnam
P01526,Shreya Hussain,1968-09-05,Female,Delhi
P01527,Deepak Mirza,1997-05-08,Male,Mumbai
P01528,Sana Mukherjee,1984-06-12,Male,Lucknow
P01529,Vivaan Gupta,1989-05-18,Other,Ranchi
P01530,Shreya Pillai,1981-08-25,Other,Bhopal
P01531,Shreya Chopra,1989-08-12,Other,Pune
P01532,Imran Nair,1992-04-24,Male,Pune
P01533,Prakash Chopra,1984-07-08,Female,Chennai
P01534,Suresh Hussain,2005-08-06,Male,Chennai
P01535,Aarav Singh,2004-02-14,Male,Chennai
P01536,Rizwan Mirza,1993-02-13,Other,Nagpur
P01537,Ananya Singh,1969-05-03,Other,Nagpur
P01538,Pallavi Mirza,2001-02-17,Female,Guwahati
P01539,Kavya Kapoor,1994-08-31,Female,Patna
P01540,Swati Chopra,1984-03-06,Male,Kolkata
P01541,Nisha Chatterjee,1960-07-03,Other,Kochi
P01542,Rizwan Gupta,1994-02-21,Female,Nagpur
P01543,Naveen Banerjee,1984-12-21,Male,Delhi
P01544,Ashok Verma,1985-01-30,Male,Ranchi
P01545,Kiran Naik,1965-06-12,Male,Visakhapatnam
P01546,Amit Kapoor,1995-03-06,Male,Visakhapatnam
P01547,Vinod Singh,1976-09-08,Female,Bengaluru
P01548,Salman Pillai,1996-09-09,Other,Lucknow
P01549,Vinod Patel,1983-05-18,Other,Mumbai
P01550,Kiran Kapoor,1994-11-20,Female,Ranchi
P01551,Rizwan Joshi,1988-08-25,Female,Lucknow
P01552,Suresh Nair,1962-05-28,Other,Guwahati
P01553,Farhan Desai,1998-05-11,Female,Delhi
P01554,Fatima Verma,1999-05-05,Male,Ranchi
P01555,Arjun Menon,1979-11-08,Other,Guwahati
P01556,Vivaan Desai,1992-12-26,Male,Chennai
P01557,Harish Singh,1978-11-27,Female,Chennai
P01558,Vinod Mehta,1978-09-23,Female,Mumbai
P01559,Farhan Kumar,2001-02-02,Male,Ranchi
P01560,Farhan Reddy,2004-11-08,Female,Indore
P01561,Kavya Mehta,1976-01-27,Female,Kolkata
P01562,Gopal Hussain,1962-04-02,Female,Bengaluru
P01563,Diya Chatterjee,1970-06-28,Female,Nagpur
P01564,Neha Gupta,2004-12-15,Female,Kolkata
P01565,Meera Banerjee,1983-06-25,Male,Jaipur
P01566,Reyansh Patel,1971-05-28,Female,Bhopal
P01567,Kiran Desai,1992-05-29,Other,Patna
P01568,Riya Chopra,1986-07-18,Female,Jaipur
P01569,Diya Das,1989-08-01,Male,Lucknow
P01570,Swati Chopra,1981-06-25,Other,Delhi
P01571,Ishaan Qureshi,1996-02-26,Other,Indore
P01572,Nisha Chatterjee,2004-05-16,Female,Chandigarh
P01573,Amit Mehta,1966-09-08,Female,Ranchi
P01574,Shreya Kapoor,2005-12-14,Other,Ahmedabad
P01575,Rizwan Menon,2000-01-23,Male,Visakhapatnam
P01576,Sanjay Menon,1972-03-29,Female,Patna
P01577,Aarav Menon,1960-07-29,Male,Mumbai
P01578,Tanvi Kumar,1995-09-29,Male,Surat
P01579,Manoj Gupta,1979-04-12,Female,Pune
P01580,Aditya Sharma,2002-02-24,Male,Delhi
P01581,Sunil Menon,1974-10-03,Other,Hyderabad
P01582,Sana Kumar,1965-11-17,Other,Chennai
P01583,Neha Menon,2004-02-02,Other,Kolkata
P01584,Reyansh Naik,1972-07-15,Female,Lucknow
P01585,Pallavi Menon,1965-02-24,Other,Surat
P01586,Amit Sheikh,1989-01-20,Other,Chandigarh
P01587,Rahul Nair,1965-01-13,Female,Delhi
P01588,Neha Chopra,1982-08-21,Male,Jaipur
P01589,Rahul Nair,1989-12-24,Male,Kochi
P01590,Sneha Chatterjee,1986-09-19,Male,Kochi
P01591,Ishaan Reddy,1996-10-15,Female,Pune
P01592,Vinod Pillai,1967-03-25,Female,Jaipur
P01593,Ishaan Patel,1964-12-17,Male,Ranchi
P01594,Rizwan Mehta,1990-05-05,Male,Kochi
P01595,Diya Pillai,2003-07-29,Male,Delhi
P01596,Imran Chopra,1978-02-17,Male,Chandigarh
P01597,Shreya Banerjee,1960-04-02,Other,Kochi
P01598,Kiran Malhotra,1987-06-27,Other,Bengaluru
P01599,Naveen Gupta,1960-03-23,Female,Kochi
P01600,Reyansh Banerjee,1996-06-05,Female,Chandigarh
P01601,Salman Desai,1987-04-06,Male,Bengaluru
P01602,Deepak Mukherjee,1983-02-21,Male,Surat
P01603,Suresh Pillai,1973-10-27,Male,Patna
P01604,Aditya Chopra,2004-12-17,Male,Lucknow
P01605,Ayesha Chopra,1967-04-07,Other,Indore
P01606,Lakshmi Singh,2003-01-23,Female,Pune
P01607,Ananya Patel,1973-02-20,Male,Ranchi
P01608,Pooja Verma,1986-06-15,Male,Patna
P01609,Zara Desai,1994-01-01,Other,Surat
P01610,Vivaan Patel,1983-02-01,Male,Chandigarh
P01611,Rizwan Patel,1987-08-05,Male,Pune
P01612,Zara Menon,1995-08-07,Female,Patna
P01613,Diya Khan,1999-06-04,Male,Bengaluru
P01614,Aditya Khan,1969-08-20,Female,Mumbai
P01615,Kiran Qureshi,2002-01-29,Male,Ahmedabad
P01616,Ayesha Pillai,1968-11-18,Male,Kolkata
P01617,Fatima Patel,1980-11-29,Male,Surat
P01618,Vinod Nair,2000-03-21,Male,Hyderabad
P01619,Reyansh Verma,2000-06-27,Other,Ahmedabad
P01620,Rohan Ansari,1973-10-15,Female,Chandigarh
P01621,Farhan Menon,1987-05-10,Female,Hyderabad
P01622,Salman Banerjee,1997-02-23,Male,Chandigarh
P01623,Meera Sheikh,1963-02-07,Other,Kolkata
P01624,Sanjay Singh,1968-03-20,Female,Chennai
P01625,Tanvi Nair,1985-03-04,Other,Kolkata
P01626,Swati Gupta,1999-08-09,Male,Chennai
P01627,Ishaan Ansari,2003-01-08,Other,Bhopal
P01628,Priya Sharma,1993-02-19,Male,Mumbai
P01629,Aarav Nair,1966-01-24,Other,Ranchi
P01630,Suresh Malhotra,1992-05-23,Other,Chennai
P01631,Meera Reddy,2003-07-16,Female,Visakhapatnam
P01632,Swati Malhotra,1976-04-12,Male,Guwahati
P01633,Ayesha Patel,2000-07-29,Male,Kochi
P01634,Vinod Singh,2002-09-05,Female,Indore
P01635,Tanvi Sharma,1997-12-13,Male,Pune
P01636,Reyansh Das,1966-07-06,Other,Indore
P01637,Naveen Das,1974-12-03,Female,Pune
P01638,Amit Patel,1973-03-07,Male,Chennai
P01639,Salman Hussain,1992-04-13,Female,Kolkata
P01640,Priya Menon,1962-12-07,Male,Indore
P01641,Suresh Iyer,1989-07-30,Female,Chandigarh
P01642,Vinod Ansari,1990-11-02,Male,Hyderabad
P01643,Farhan Patel,1996-07-26,Male,Kolkata
P01644,Vivaan Verma,1995-01-15,Male,Bengaluru
P01645,Pooja Khan,1990-04-09,Other,Ranchi
P01646,Vikram Malhotra,1973-07-10,Other,Chandigarh
P01647,Riya Sheikh,1967-06-30,Female,Ahmedabad
P01648,Ishaan Gupta,1988-01-29,Male,Bhopal
P01649,Riya Singh,1992-01-19,Other,Kochi
P01650,Arjun Mirza,1989-08-29,Male,Pune
P01651,Vinod Kapoor,1972-02-12,Female,Indore
P01652,Ananya Kapoor,1973-03-18,Other,Indore
P01653,Amit Iyer,1982-11-09,Male,Delhi
P01654,Ayesha Banerjee,1964-01-22,Female,Chennai
P01655,Reyansh Hussain,1991-09-05,Female,Nagpur
P01656,Priya Sheikh,1983-05-19,Male,Lucknow
P01657,Sunil Nair,2003-06-01,Other,Kolkata
P01658,Ashok Mukherjee,1975-08-19,Male,Nagpur
P01659,Gopal Verma,1974-09-23,Other,Kochi
P01660,Pallavi Mehta,1960-12-26,Other,Nagpur
P01661,Farhan Hussain,1976-10-13,Male,Chandigarh
P01662,Nisha Banerjee,1975-02-18,Other,Chennai
P01663,Ashok Mirza,1960-05-06,Female,Delhi
P01664,Aditya Verma,1994-04-24,Male,Nagpur
P01665,Gopal Chopra,1992-08-12,Other,Hyderabad
P01666,Swati Verma,1976-05-13,Male,Patna
P01667,Aarav Naik,1987-09-02,Male,Chennai
P01668,Manoj Desai,1976-04-07,Other,Bengaluru
P01669,Vivaan Verma,2005-07-11,Female,Kolkata
P01670,Sana Kapoor,1998-10-24,Other,Ranchi
P01671,Vivaan Kapoor,1991-07-23,Male,Bhopal
P01672,Kavya Ansari,1985-03-16,Other,Surat
P01673,Sana Pillai,1960-02-03,Other,Bengaluru
P01674,Neha Mirza,1982-08-27,Other,Delhi
P01675,Suresh Malhotra,1978-05-11,Other,Guwahati
P01676,Naveen Banerjee,1974-02-04,Other,Bengaluru
P01677,Vinod Mirza,1982-11-04,Other,Delhi
P01678,Harish Qureshi,2005-11-28,Female,Delhi
P01679,Reyansh Chopra,1984-11-16,Female,Guwahati
P01680,Aditya Rao,1984-12-07,Male,Patna
P01681,Sana Singh,1998-02-27,Other,Pune
P01682,Ananya Joshi,1976-03-28,Other,Hyderabad
P01683,Zara Verma,1999-06-23,Other,Pune
P01684,Farhan Sheikh,1975-05-05,Female,Indore
P01685,Amit Das,1988-10-11,Female,Delhi
P01686,Rohan Rao,1983-06-29,Female,Kochi
P01687,Harish Das,1968-05-07,Female,Patna
P01688,Salman Ali,1996-04-05,Female,Surat
P01689,Vinod Rao,2005-10-26,Other,Bengaluru
P01690,Sneha Mirza,1991-02-27,Male,Bengaluru
P01691,Shreya Mirza,1972-03-02,Female,Bengaluru
P01692,Ishaan Nair,1978-10-11,Male,Chennai
P01693,Lakshmi Reddy,1973-11-24,Other,Mumbai
P01694,Suresh Malhotra,1996-11-04,Male,Kochi
P01695,Manoj Malhotra,1990-03-16,Other,Mumbai
P01696,Suresh Iyer,1964-04-13,Male,Ahmedabad
P01697,Gopal Pillai,1982-11-09,Female,Ranchi
P01698,Sanjay Pillai,2003-12-18,Female,Kochi
P01699,Ramesh Menon,1996-01-29,Other,Surat
P01700,Pallavi Desai,1998-08-08,Male,Lucknow
P01701,Priya Ansari,1977-09-10,Male,Kochi
P01702,Deepak Desai,1963-03-22,Male,Indore
P01703,Suresh Kapoor,1971-04-27,Other,Kolkata
P01704,Sana Mukherjee,1979-05-30,Male,Kolkata
P01705,Sana Naik,2005-05-06,Male,Kolkata
P01706,Pooja Kumar,1962-10-19,Female,Ranchi
P01707,Ananya Kapoor,1977-09-20,Female,Kolkata
P01708,Meera Mukherjee,1962-05-12,Other,Chandigarh
P01709,Manoj Reddy,1985-05-17,Female,Patna
P01710,Priya Mukherjee,1980-07-09,Male,Mumbai
P01711,Shreya Qureshi,1993-12-26,Male,Surat
P01712,Vikram Reddy,1960-04-16,Other,Patna
P01713,Harish Joshi,2004-01-17,Other,Lucknow
P01714,Kiran Mirza,1979-09-21,Other,Chennai
P01715,Ashok Khan,1990-01-31,Female,Hyderabad
P01716,Rizwan Verma,1962-09-23,Male,Patna
P01717,Reyansh Desai,1961-09-08,Female,Guwahati
P01718,Riya Kapoor,1984-04-27,Male,Chandigarh
P01719,Arjun Chatterjee,2003-08-22,Male,Ranchi
P01720,Gopal Gupta,1978-11-29,Male,Mumbai
P01721,Kabir Mukherjee,1990-04-24,Other,Bengaluru
P01722,Harish Chopra,1973-03-26,Female,Chandigarh
P01723,Sunil Chatterjee,1994-10-23,Male,Indore
P01724,Shreya Reddy,1989-02-06,Female,Bhopal
P01725,Deepak Sharma,1979-05-16,Female,Indore
P01726,Rajesh Kapoor,1998-03-06,Male,Pune
P01727,Rizwan Mirza,1990-03-25,Other,Nagpur
P01728,Swati Desai,1971-02-23,Other,Nagpur
P01729,Rizwan Mirza,1988-03-08,Male,Ranchi
P01730,Sunil Singh,1969-10-10,Male,Lucknow
P01731,Kiran Hussain,1995-09-30,Female,Bengaluru
P01732,Ramesh Sheikh,1985-07-27,Male,Mumbai
P01733,Tanvi Pillai,1978-08-07,Female,Kolkata
P01734,Prakash Kapoor,1998-08-24,Male,Pune
P01735,Kavya Ali,1985-12-23,Female,Patna
P01736,Lakshmi Patel,1980-07-20,Other,Lucknow
P01737,Lakshmi Mukherjee,1991-07-16,Male,Mumbai
P01738,Aarav Reddy,1977-11-15,Female,Kochi
P01739,Reyansh Pillai,2005-04-25,Female,Nagpur
P01740,Kavya Verma,2003-11-17,Male,Mumbai
P01741,Reyansh Sheikh,1978-11-12,Female,Bengaluru
P01742,Sunil Khan,1984-08-13,Other,Kochi
P01743,Ashok Malhotra,1977-07-20,Other,Kochi
P01744,Ayesha Ali,1968-02-20,Female,Visakhapatnam
P01745,Rizwan Banerjee,1961-03-12,Female,Kolkata
P01746,Ramesh Patel,1969-12-11,Female,Surat
P01747,Ayesha Reddy,1984-04-26,Male,Delhi
P01748,Amit Rao,1988-07-19,Other,Indore
P01749,Arjun Desai,1979-11-06,Other,Bengaluru
P01750,Harish Iyer,2002-09-26,Male,Hyderabad
P01751,Sunil Sheikh,1971-05-17,Other,Chandigarh
P01752,Vikram Ali,1980-06-27,Female,Indore
P01753,Ishaan Mukherjee,1999-06-22,Female,Chennai
P01754,Aarav Reddy,1995-04-06,Female,Indore
P01755,Lakshmi Malhotra,1983-02-27,Male,Hyderabad
P01756,Meera Reddy,1994-04-03,Male,Pune
P01757,Prakash Chatterjee,1995-10-09,Other,Patna
P01758,Ayesha Sheikh,1967-10-03,Female,Surat
P01759,Rohan Kumar,1968-12-05,Male,Kochi
P01760,Manoj Desai,1984-09-02,Male,Surat
P01761,Sunil Das,1983-04-11,Male,Lucknow
P01762,Vivaan Khan,1968-01-26,Male,Chennai
P01763,Ayesha Reddy,1975-06-02,Female,Chennai
P01764,Meera Reddy,1965-05-07,Female,Hyderabad
P01765,Rohan Sharma,1992-12-14,Female,Delhi
P01766,Sneha Kumar,1962-03-26,Other,Visakhapatnam
P01767,Ramesh Patel,1991-12-03,Male,Jaipur
P01768,Aditya Singh,1980-07-11,Other,Mumbai
P01769,Ishaan Ansari,1968-06-03,Other,Pune
P01770,Ramesh Mirza,1973-08-11,Male,Indore
P01771,Vivaan Singh,1969-11-26,Other,Jaipur
P01772,Ramesh Rao,1983-12-20,Male,Visakhapatnam
P01773,Rizwan Chatterjee,1976-06-15,Other,Ranchi
P01774,Rohan Kumar,1999-05-05,Male,Visakhapatnam
P01775,Meera Naik,1973-01-12,Female,Kolkata
P01776,Naveen Sharma,1966-09-18,Male,Visakhapatnam
P01777,Sana Verma,1984-12-08,Other,Ranchi
P01778,Kavya Kapoor,2005-10-31,Male,Kolkata
P01779,Manoj Chopra,1988-11-09,Male,Visakhapatnam
P01780,Riya Malhotra,1967-09-05,Female,Hyderabad
P01781,Pallavi Kumar,1995-05-14,Male,Kochi
P01782,Deepak Naik,1979-08-14,Other,Delhi
P01783,Kabir Joshi,1993-08-06,Male,Bhopal
P01784,Suresh Kapoor,2000-11-08,Other,Lucknow
P01785,Salman Ali,1990-03-18,Male,Patna
P01786,Tanvi Desai,1989-02-14,Male,Bengaluru
P01787,Kiran Menon,1985-01-01,Male,Mumbai
P01788,Salman Verma,2005-09-26,Male,Bhopal
P01789,Swati Das,2004-10-24,Other,Bengaluru
P01790,Reyansh Reddy,1986-11-13,Female,Ranchi
P01791,Ishaan Khan,1971-06-25,Male,Indore
P01792,Sneha Joshi,1973-08-17,Other,Bhopal
P01793,Reyansh Gupta,1988-11-25,Other,Kochi
P01794,Amit Sheikh,1999-08-07,Other,Jaipur
P01795,Zara Chopra,1984-03-25,Female,Guwahati
P01796,Shreya Verma,1994-10-20,Female,Chennai
P01797,Pallavi Kumar,1968-04-25,Female,Kochi
P01798,Lakshmi Gupta,2002-10-05,Male,Mumbai
P01799,Ishaan Khan,1963-08-06,Male,Kochi
P01800,Salman Sharma,1972-03-09,Female,Guwahati
P01801,Salman Joshi,1970-05-24,Female,Guwahati
P01802,Vinod Kumar,1965-03-16,Other,Visakhapatnam
P01803,Lakshmi Ansari,1991-09-18,Male,Lucknow
P01804,Imran Verma,1993-05-12,Other,Jaipur
P01805,Naveen Joshi,1996-10-12,Other,Mumbai
P01806,Aditya Malhotra,1968-02-09,Female,Surat
P01807,Vikram Hussain,1985-08-10,Female,Surat
P01808,Aditya Patel,1972-01-14,Other,Lucknow
P01809,Sana Nair,1993-06-11,Female,Chennai
P01810,Rajesh Naik,1986-06-23,Female,Hyderabad
P01811,Ashok Menon,1993-05-19,Other,Patna
P01812,Salman Mukherjee,1998-12-09,Female,Kochi
P01813,Prakash Hussain,1970-08-21,Other,Delhi
P01814,Shreya Mehta,1993-08-30,Other,Bhopal
P01815,Vinod Menon,1984-01-02,Female,Chandigarh
P01816,Arjun Sharma,2000-03-07,Male,Chennai
P01817,Deepak Rao,1999-09-27,Male,Chandigarh
P01818,Neha Kumar,1989-02-18,Female,Indore
P01819,Tanvi Rao,1963-11-04,Other,Ahmedabad
P01820,Pooja Gupta,2004-02-07,Female,Ranchi
P01821,Kabir Qureshi,1964-06-16,Female,Hyderabad
P01822,Sanjay Nair,1961-05-04,Other,Chandigarh
P01823,Aditya Kapoor,2004-10-04,Female,Ranchi
P01824,Harish Mirza,1988-08-29,Female,Mumbai
P01825,Ayesha Verma,2000-01-05,Male,Chandigarh
P01826,Neha Banerjee,1986-07-23,Female,Ranchi
P01827,Ishaan Ansari,1993-03-26,Male,Pune
P01828,Sanjay Verma,1994-03-19,Other,Chandigarh
P01829,Priya Chatterjee,1980-05-19,Female,Nagpur
P01830,Sneha Verma,2003-03-30,Male,Patna
P01831,Meera Desai,1978-01-16,Male,Lucknow
P01832,Ashok Chopra,1975-05-16,Other,Bengaluru
P01833,Sana Hussain,1999-05-07,Male,Ranchi
P01834,Sanjay Mehta,1964-07-29,Other,Visakhapatnam
P01835,Kiran Malhotra,1974-04-10,Female,Bengaluru
P01836,Zara Ali,1980-07-16,Other,Lucknow
P01837,Nisha Menon,1996-09-28,Female,Pune
P01838,Tanvi Chopra,1977-02-05,Other,Visakhapatnam
P01839,Pallavi Menon,1997-04-05,Male,Mumbai
P01840,Fatima Naik,1995-02-16,Male,Ranchi
P01841,Lakshmi Iyer,2004-12-19,Other,Surat
P01842,Amit Qureshi,2003-05-30,Other,Guwahati
P01843,Nisha Qureshi,1998-07-10,Other,Delhi
P01844,Gopal Iyer,1984-10-15,Female,Chennai
P01845,Pooja Reddy,1980-06-07,Female,Nagpur
P01846,Vikram Hussain,1964-05-20,Other,Pune
P01847,Tanvi Mehta,1979-07-14,Other,Kolkata
P01848,Rahul Menon,2000-11-29,Male,Bhopal
P01849,Pooja Kumar,1970-03-16,Male,Mumbai
P01850,Pooja Ansari,1981-02-17,Female,Kochi
P01851,Prakash Malhotra,1988-09-19,Other,Delhi
P01852,Sneha Nair,1978-07-23,Male,Mumbai
P01853,Rahul Ansari,1978-11-26,Other,Patna
P01854,Kavya Pillai,1962-11-15,Other,Kochi
P01855,Vivaan Patel,1965-09-17,Female,Guwahati
P01856,Rajesh Hussain,1964-04-29,Female,Indore
P01857,Imran Menon,1966-02-22,Female,Chennai
P01858,Pooja Kumar,1998-11-08,Other,Visakhapatnam
P01859,Reyansh Das,2005-03-14,Other,Visakhapatnam
P01860,Rahul Verma,1966-02-21,Male,Guwahati
P01861,Reyansh Sheikh,1981-04-29,Female,Ranchi
P01862,Farhan Chopra,1976-01-21,Female,Pune
P01863,Diya Kumar,1971-12-02,Male,Jaipur
P01864,Swati Malhotra,1977-04-21,Other,Delhi
P01865,Lakshmi Mukherjee,1985-07-01,Other,Hyderabad
P01866,Vikram Mukherjee,1988-11-02,Female,Ahmedabad
P01867,Amit Mirza,1969-11-10,Female,Kochi
P01868,Sana Rao,1980-12-20,Male,Guwahati
P01869,Aditya Ali,2005-01-23,Male,Ahmedabad
P01870,Rahul Mukherjee,1986-03-06,Female,Indore
P01871,Salman Kumar,1996-05-26,Male,Surat
P01872,Neha Sharma,1986-09-28,Female,Lucknow
P01873,Kabir Qureshi,1976-01-09,Female,Pune
P01874,Priya Qureshi,1989-11-11,Other,Chandigarh
P01875,Zara Malhotra,1962-04-22,Female,Bengaluru
P01876,Lakshmi Verma,1988-02-07,Female,Nagpur
P01877,Ishaan Ali,1970-11-29,Other,Jaipur
P01878,Harish Singh,1983-12-11,Female,Guwahati
P01879,Rizwan Ali,1997-04-09,Other,Chandigarh
P01880,Pallavi Naik,1961-11-10,Male,Kolkata
P01881,Fatima Kapoor,2003-08-17,Male,Mumbai
P01882,Shreya Iyer,2002-10-03,Female,Chandigarh
P01883,Ashok Singh,1967-07-17,Male,Ahmedabad
P01884,Gopal Naik,2004-03-05,Male,Guwahati
P01885,Salman Malhotra,1981-09-25,Female,Kochi
P01886,Farhan Reddy,1977-09-27,Male,Ranchi
P01887,Vikram Ansari,1979-03-06,Male,Bengaluru
P01888,Tanvi Rao,1972-05-17,Female,Bhopal
P01889,Ashok Gupta,1961-05-30,Male,Patna
P01890,Zara Chatterjee,2002-08-22,Male,Bengaluru
P01891,Pallavi Iyer,1977-10-24,Other,Kolkata
P01892,Arjun Chopra,2002-01-20,Female,Guwahati
P01893,Rahul Reddy,1966-01-22,Female,Kolkata
P01894,Ashok Kumar,1960-12-16,Other,Visakhapatnam
P01895,Nisha Sheikh,1990-11-15,Other,Kochi
P01896,Reyansh Gupta,1973-10-28,Male,Jaipur
P01897,Suresh Khan,1993-08-17,Female,Chennai
P01898,Nisha Hussain,1974-01-22,Other,Pune
P01899,Suresh Khan,1972-11-19,Female,Kolkata
P01900,Tanvi Ansari,1969-12-06,Male,Lucknow
P01901,Rahul Gupta,2002-01-12,Female,Ahmedabad
P01902,Deepak Banerjee,2004-01-17,Female,Bengaluru
P01903,Aarav Verma,1969-01-23,Female,Bhopal
P01904,Salman Iyer,1986-02-04,Other,Nagpur
P01905,Farhan Chatterjee,1977-06-08,Male,Hyderabad
P01906,Prakash Patel,1963-07-19,Female,Ahmedabad
P01907,Kiran Qureshi,1984-02-10,Other,Guwahati
P01908,Sana Khan,1963-02-05,Male,Jaipur
P01909,Harish Chatterjee,1985-12-03,Female,Bhopal
P01910,Imran Rao,1968-12-30,Other,Delhi
P01911,Ramesh Nair,1977-09-17,Male,Visakhapatnam
P01912,Lakshmi Qureshi,1983-01-30,Female,Chennai
P01913,Kabir Joshi,1996-02-04,Female,Chennai
P01914,Rahul Kumar,1981-04-26,Male,Chennai
P01915,Lakshmi Hussain,1979-02-14,Other,Indore
P01916,Nisha Desai,1977-11-29,Other,Jaipur
P01917,Gopal Joshi,1989-08-27,Male,Chandigarh
P01918,Farhan Verma,1970-04-17,Other,Surat
P01919,Arjun Iyer,1970-02-10,Male,Ahmedabad
P01920,Kavya Patel,1992-01-01,Female,Kolkata
P01921,Sana Kapoor,1989-09-12,Male,Kochi
P01922,Aditya Kapoor,1984-04-05,Other,Patna
P01923,Lakshmi Kapoor,1993-07-19,Male,Chennai
P01924,Reyansh Rao,1966-05-14,Male,Lucknow
P01925,Kavya Ali,1971-06-14,Other,Visakhapatnam
P01926,Amit Banerjee,2005-02-15,Other,Pune
P01927,Ramesh Sharma,1995-10-18,Other,Kolkata
P01928,Tanvi Qureshi,1965-03-24,Male,Kochi
P01929,Salman Kumar,1982-05-13,Male,Lucknow
P01930,Salman Menon,1968-04-20,Female,Indore
P01931,Ramesh Qureshi,1967-03-21,Female,Chennai
P01932,Vivaan Singh,1991-04-27,Other,Kochi
P01933,Pallavi Pillai,1978-04-29,Other,Mumbai
P01934,Sanjay Patel,2004-08-26,Other,Surat
P01935,Vikram Khan,1998-09-24,Male,Pune
P01936,Arjun Ansari,2003-10-19,Female,Chandigarh
P01937,Arjun Khan,1964-10-23,Other,Guwahati
P01938,Neha Singh,1987-02-21,Female,Kolkata
P01939,Pooja Sheikh,1987-02-23,Male,Mumbai
P01940,Meera Nair,1986-06-09,Female,Lucknow
P01941,Zara Sheikh,2004-07-04,Male,Hyderabad
P01942,Rajesh Verma,1989-06-03,Other,Lucknow
P01943,Salman Chatterjee,1968-12-07,Female,Hyderabad
P01944,Deepak Das,1973-08-07,Female,Surat
P01945,Neha Verma,1978-04-09,Other,Guwahati
P01946,Nisha Singh,1988-10-02,Female,Guwahati
P01947,Kavya Malhotra,2002-12-01,Female,Bengaluru
P01948,Aditya Das,1983-04-04,Female,Ahmedabad
P01949,Zara Menon,1970-07-21,Female,Visakhapatnam
P01950,Fatima Pillai,1995-09-14,Male,Lucknow
P01951,Pallavi Malhotra,1965-05-22,Female,Lucknow
P01952,Diya Reddy,1980-06-10,Male,Visakhapatnam
P01953,Nisha Desai,1998-09-09,Male,Patna
P01954,Rohan Qureshi,1963-01-25,Other,Hyderabad
P01955,Harish Malhotra,1988-02-08,Male,Surat
P01956,Imran Khan,1998-09-07,Female,Indore
P01957,Rahul Banerjee,1965-07-25,Other,Mumbai
P01958,Reyansh Khan,2005-01-07,Female,Kolkata
P01959,Kavya Ali,1986-09-28,Male,Bengaluru
P01960,Tanvi Mirza,1980-04-03,Female,Ranchi
P01961,Rizwan Kapoor,2005-08-11,Female,Guwahati
P01962,Rahul Joshi,1972-09-26,Male,Kolkata
P01963,Kabir Khan,2001-02-07,Female,Hyderabad
P01964,Nisha Mukherjee,1961-03-21,Male,Bhopal
P01965,Reyansh Sharma,1971-09-08,Other,Kochi
P01966,Pallavi Naik,1987-07-26,Other,Guwahati
P01967,Rizwan Verma,1980-08-09,Other,Guwahati
P01968,Deepak Naik,2005-11-07,Other,Bhopal
P01969,Rajesh Singh,1968-07-06,Male,Mumbai
P01970,Sneha Kumar,1961-01-29,Other,Pune
P01971,Vivaan Iyer,1992-09-27,Other,Chennai
P01972,Zara Gupta,1989-08-27,Other,Patna
P01973,Sneha Singh,1980-06-23,Female,Chennai
P01974,Kiran Malhotra,1961-06-26,Male,Kolkata
P01975,Diya Khan,1990-04-20,Female,Kochi
P01976,Vivaan Hussain,1990-08-03,Other,Ahmedabad
P01977,Sneha Desai,1998-10-01,Female,Delhi
P01978,Sanjay Sharma,1966-12-26,Other,Nagpur
P01979,Tanvi Hussain,1993-09-24,Other,Ranchi
P01980,Sunil Khan,1997-09-20,Female,Delhi
P01981,Lakshmi Chopra,1993-01-29,Other,Ranchi
P01982,Rizwan Chatterjee,1993-03-14,Male,Delhi
P01983,Gopal Sharma,1988-09-18,Other,Chandigarh
P01984,Prakash Singh,1978-03-24,Other,Nagpur
P01985,Kiran Kumar,1993-09-02,Other,Indore
P01986,Swati Naik,1989-09-07,Male,Kolkata
P01987,Suresh Khan,1973-01-29,Female,Indore
P01988,Swati Gupta,1994-07-18,Male,Ranchi
P01989,Salman Joshi,2000-12-21,Other,Surat
P01990,Ananya Mirza,1979-12-19,Other,Bhopal
P01991,Tanvi Ali,2005-10-21,Other,Indore
P01992,Kiran Ansari,1971-01-10,Other,Pune
P01993,Suresh Naik,1965-11-12,Other,Kochi
P01994,Ananya Nair,1973-07-29,Male,Guwahati
P01995,Lakshmi Kumar,1988-04-22,Female,Lucknow
P01996,Pooja Iyer,1997-11-22,Male,Mumbai
P01997,Manoj Mirza,1977-09-30,Female,Kolkata
P01998,Kavya Ali,1994-04-06,Male,Bengaluru
P01999,Sanjay Malhotra,1967-10-03,Other,Ahmedabad
P02000,Reyansh Mukherjee,1975-04-01,Female,Jaipur
