phone_id,phone_number,person_id
PH00001,6509377100,P00241
PH00002,6901380698,P00522
PH00003,8775965555,P01974
PH00004,8669055107,P01630
PH00005,9209184357,P01736
PH00006,9863050505,P01235
PH00007,7976915671,P01354
PH00008,8932898027,P01464
PH00009,8872717833,P01586
PH00010,6160256434,P00418
PH00011,6287153991,P01330
PH00012,9686334141,P01287
PH00013,8931952569,P00214
PH00014,8098366552,P01468
PH00015,7160875243,P01035
PH00016,9294209548,P00992
PH00017,6497374605,P01981
PH00018,7302764208,P00298
PH00019,9756618443,P00772
PH00020,9125904729,P01399
PH00021,9423330591,P00267
PH00022,7662015720,P01355
PH00023,8962630136,P00227
PH00024,7617647501,P00967
PH00025,6783099974,P00225
PH00026,6926764921,P01385
PH00027,7606888718,P00640
PH00028,6312920875,P01668
PH00029,7932184011,P00237
PH00030,8826034084,P01006
PH00031,9297585988,P01315
PH00032,6030324329,P00414
PH00033,8429618446,P01103
PH00034,7671462831,P01298
PH00035,8359892625,P01258
PH00036,9609314181,P01986
PH00037,9151554234,P01365
PH00038,9361128497,P00020
PH00039,8948491025,P00189
PH00040,9258896792,P01889
PH00041,7226940539,P00506
PH00042,9275784468,P00825
PH00043,7414651113,P01880
PH00044,7901487068,P01887
PH00045,7778816093,P01860
PH00046,6685389097,P01814
PH00047,7215285067,P01927
PH00048,8153814474,P00747
PH00049,6963480797,P00519
PH00050,6975451052,P00113
PH00051,6167318826,P00789
PH00052,9024376545,P00239
PH00053,7841772256,P00847
PH00054,7134026650,P00013
PH00055,7741678725,P00315
PH00056,9862110225,P01497
PH00057,7056906744,P00993
PH00058,9392823414,P00962
PH00059,7637189239,P01990
PH00060,7312604326,P01256
PH00061,7106684335,P00037
PH00062,6860414545,P00842
PH00063,7502000534,P01422
PH00064,6624755411,P00933
PH00065,7555989534,P01334
PH00066,9112910933,P00415
PH00067,6189547382,P01407
PH00068,7684855716,P00087
PH00069,9880294240,P00135
PH00070,6367881278,P01909
PH00071,9694320293,P00756
PH00072,6878844344,P01183
PH00073,7308340242,P01103
PH00074,6338105955,P00531
PH00075,8269450053,P00164
PH00076,8240891649,P01456
PH00077,9354396273,P01100
PH00078,9527172722,P01454
PH00079,9240422693,P00372
PH00080,6637618209,P00139
PH00081,9010023142,P00194
PH00082,6018513279,P01873
PH00083,7457230848,P01778
PH00084,6184186203,P00237
PH00085,9625436172,P00051
PH00086,7145195151,P01982
PH00087,7268592624,P01783
PH00088,8514754102,P01247
PH00089,7526771196,P01550
PH00090,8215226557,P01918
PH00091,9952366878,P00837
PH00092,7619689313,P01065
PH00093,7058721055,P00714
PH00094,7472863330,P01694
PH00095,6260650191,P01490
PH00096,7025213109,P00942
PH00097,9227284765,P01657
PH00098,6412009282,P00875
PH00099,9784984362,P00022
PH00100,6862369036,P00535
PH00101,6775662056,P00361
PH00102,6115950342,P00385
PH00103,6390438303,P01082
PH00104,6970051405,P00529
PH00105,9835652156,P01498
PH00106,6820967904,P01785
PH00107,9113322889,P00317
PH00108,8725459606,P01302
PH00109,6297102481,P00467
PH00110,9524214955,P00990
PH00111,7747472197,P00177
PH00112,8669275895,P00078
PH00113,9874090380,P00737
PH00114,6462961367,P00303
PH00115,8778711216,P01335
PH00116,7651559737,P01529
PH00117,9082723590,P00220
PH00118,9056730306,P01976
PH00119,7121461476,P00530
PH00120,8201654235,P01045
PH00121,9782659608,P01881
PH00122,7199255027,P01559
PH00123,9516480727,P01863
PH00124,6033682963,P01276
PH00125,7905504481,P00690
PH00126,9665586851,P01395
PH00127,9652892866,P01846
PH00128,9491111096,P00560
PH00129,6789046337,P00201
PH00130,6371576605,P01102
PH00131,8444630600,P01557
PH00132,8895529638,P00054
PH00133,7960962626,P01946
PH00134,7631281964,P01802
PH00135,7531106092,P01669
PH00136,6960275233,P00056
PH00137,7640412091,P00582
PH00138,6124421175,P00213
PH00139,7617061713,P01818
PH00140,9572240299,P01373
PH00141,6557998028,P01705
PH00142,6390808823,P01478
PH00143,6305231244,P01730
PH00144,6584776863,P00952
PH00145,7461994237,P00489
PH00146,9694591966,P00858
PH00147,8517208496,P00394
PH00148,8601256253,P00574
PH00149,8525105053,P00144
PH00150,8381649383,P00920
PH00151,8919665533,P00199
PH00152,9704611729,P00096
PH00153,9390409074,P00644
PH00154,9088050171,P00255
PH00155,9445561857,P01654
PH00156,9477159103,P01224
PH00157,6215632135,P00094
PH00158,6040104145,P01628
PH00159,9422971252,P01373
PH00160,9718839774,P01501
PH00161,9314415833,P00633
PH00162,6703037637,P01386
PH00163,7988547281,P00202
PH00164,7567983631,P01822
PH00165,7491271130,P00546
PH00166,7407875418,P01781
PH00167,9326868507,P00165
PH00168,6066343629,P00536
PH00169,9861031310,P00542
PH00170,8318143966,P01782
PH00171,7473235494,P00773
PH00172,6289743251,P01463
PH00173,8720765024,P00327
PH00174,7095790737,P01757
PH00175,6943882211,P00210
PH00176,8775847457,P00597
PH00177,8458971480,P00028
PH00178,9325703965,P00288
PH00179,6361487824,P00408
PH00180,8569644309,P01814
PH00181,8916795410,P01035
PH00182,7728498247,P00990
PH00183,8070349107,P00565
PH00184,9500425488,P00599
PH00185,6423691430,P00304
PH00186,8366614494,P00935
PH00187,9592342683,P00338
PH00188,6497826612,P00591
PH00189,8857567667,P01049
PH00190,6612943985,P00055
PH00191,8062607870,P00247
PH00192,8159149750,P00167
PH00193,6382872324,P00234
PH00194,6793110291,P01255
PH00195,7317087601,P01035
PH00196,9238497916,P00588
PH00197,6223288377,P00286
PH00198,6975466176,P00569
PH00199,7047196094,P01622
PH00200,9052774025,P00066
PH00201,7586812259,P00994
PH00202,7446176792,P00671
PH00203,8259959961,P01150
PH00204,7311775331,P00089
PH00205,7661094101,P01792
PH00206,8902517629,P00870
PH00207,7477433268,P01113
PH00208,7190130205,P01612
PH00209,6528733978,P01542
PH00210,7176619128,P00697
PH00211,6730985034,P00585
PH00212,8651241893,P01838
PH00213,8690819740,P01702
PH00214,9435023850,P00064
PH00215,6990516991,P00461
PH00216,9240107835,P01769
PH00217,8300038960,P00854
PH00218,6662668217,P01104
PH00219,8535603319,P00228
PH00220,9890030102,P00021
PH00221,8055934296,P00865
PH00222,6114837537,P00946
PH00223,8843845881,P01425
PH00224,9974132834,P00105
PH00225,7152037710,P01479
PH00226,6449641049,P00990
PH00227,6667033626,P00755
PH00228,8085095493,P01062
PH00229,8966018648,P01509
PH00230,8267320441,P00918
PH00231,8596094544,P01998
PH00232,6149542770,P01558
PH00233,9057836091,P00866
PH00234,8172444723,P00543
PH00235,7903102879,P01259
PH00236,7044058093,P00623
PH00237,6871813359,P00692
PH00238,9164205955,P00733
PH00239,8749025042,P01950
PH00240,6193588953,P01817
PH00241,6261139898,P00746
PH00242,6809788754,P01463
PH00243,8353537513,P00386
PH00244,9515881579,P00878
PH00245,9392836929,P00452
PH00246,8551166829,P00509
PH00247,7270216487,P00980
PH00248,7060212886,P01481
PH00249,8268341559,P01802
PH00250,6015767647,P01216
PH00251,7981209957,P01397
PH00252,9289413475,P00747
PH00253,9456522036,P00094
PH00254,8154214477,P01035
PH00255,7449134213,P00441
PH00256,7090883070,P01103
PH00257,8967827411,P00729
PH00258,9741241513,P00876
PH00259,8285478150,P01449
PH00260,8380032963,P00858
PH00261,8727274231,P01344
PH00262,7061789320,P01898
PH00263,8969357824,P00824
PH00264,8776958741,P01676
PH00265,8675361275,P00432
PH00266,8627796304,P01318
PH00267,7608545667,P00526
PH00268,8047350476,P00840
PH00269,7831995298,P00437
PH00270,6615581083,P00042
PH00271,7286342556,P00715
PH00272,7000818670,P00427
PH00273,8033041662,P00308
PH00274,8111860089,P01633
PH00275,6963945680,P01830
PH00276,9314976461,P00593
PH00277,9847488360,P00439
PH00278,9581739063,P01987
PH00279,9914521182,P00882
PH00280,9931269789,P00409
PH00281,6746452059,P01516
PH00282,6438787535,P01198
PH00283,9881161620,P00914
PH00284,6237106728,P00319
PH00285,9604164485,P00964
PH00286,8922483958,P01230
PH00287,9735228705,P01208
PH00288,7710433187,P00820
PH00289,6979215835,P00653
PH00290,7446945964,P01256
PH00291,7192134249,P01121
PH00292,9599949732,P00199
PH00293,7319222705,P00006
PH00294,6287675481,P00156
PH00295,9667548581,P00470
PH00296,7242687741,P01762
PH00297,9520575639,P01116
PH00298,7652037583,P01118
PH00299,8515480940,P00013
PH00300,9604409079,P01292
PH00301,9278105092,P01263
PH00302,7216107051,P01409
PH00303,8390552958,P01710
PH00304,9601382412,P00030
PH00305,8938620448,P00874
PH00306,8791971112,P00694
PH00307,7590203571,P01454
PH00308,7432406424,P01750
PH00309,8633432447,P00273
PH00310,9595587209,P00518
PH00311,7654358841,P00759
PH00312,7437401827,P01022
PH00313,8596905150,P00272
PH00314,9551254278,P00312
PH00315,6797996673,P00366
PH00316,8957640381,P00494
PH00317,8969028249,P00831
PH00318,7922501425,P01928
PH00319,7702324412,P00908
PH00320,7613285072,P00462
PH00321,9863767316,P00683
PH00322,7654696815,P00249
PH00323,6392355580,P00967
PH00324,9132730346,P01220
PH00325,9262446704,P00183
PH00326,9226817151,P01915
PH00327,9025298670,P01309
PH00328,9604641978,P00962
PH00329,9585126861,P00736
PH00330,8943897607,P00293
PH00331,6775095465,P00552
PH00332,6842456075,P01347
PH00333,6915086321,P00583
PH00334,7276457938,P01067
PH00335,6155029168,P01136
PH00336,6546602416,P01961
PH00337,7944988305,P01928
PH00338,7642480962,P01146
PH00339,8063062447,P01355
PH00340,8133053194,P01198
PH00341,9969586780,P01450
PH00342,8572773826,P00679
PH00343,6917851385,P00501
PH00344,8770299295,P00595
PH00345,9048736826,P01129
PH00346,6163319422,P01212
PH00347,9865369455,P01526
PH00348,8888636774,P01259
PH00349,9226408572,P01650
PH00350,6696663093,P01364
PH00351,6996059329,P00269
PH00352,6509688327,P01249
PH00353,7273524103,P00728
PH00354,9397327819,P01153
PH00355,7371006876,P01670
PH00356,9481980770,P00141
PH00357,9056876112,P00573
PH00358,6256523734,P01690
PH00359,6773454757,P00190
PH00360,8902284035,P01396
PH00361,8429477422,P01126
PH00362,8643039429,P00286
PH00363,8886792529,P00025
PH00364,8856728727,P01700
PH00365,6153433249,P01786
PH00366,6357790833,P01550
PH00367,6615814888,P00718
PH00368,6798334233,P01740
PH00369,9209484131,P01376
PH00370,7840333997,P01806
PH00371,6513717173,P00920
PH00372,7974909617,P00194
PH00373,7997046947,P01549
PH00374,8878444835,P01261
PH00375,8712705877,P00542
PH00376,6641758231,P00319
PH00377,7484587149,P01519
PH00378,7523622925,P00415
PH00379,9964347452,P01911
PH00380,8574696606,P00600
PH00381,9527403344,P00108
PH00382,6566588339,P01658
PH00383,8113257970,P00999
PH00384,9734996010,P01555
PH00385,8857417215,P01278
PH00386,9229493817,P01954
PH00387,8884021557,P00478
PH00388,7257375534,P01491
PH00389,6216667080,P00500
PH00390,8096085874,P01819
PH00391,6191818281,P01149
PH00392,9931647725,P01147
PH00393,8786069409,P00145
PH00394,6035624395,P01653
PH00395,7959232342,P01062
PH00396,6285155333,P00196
PH00397,9433502716,P00593
PH00398,7607763369,P00052
PH00399,6289812317,P01624
PH00400,8563318574,P01476
PH00401,9006661554,P01012
PH00402,9431670450,P01667
PH00403,7290282270,P00274
PH00404,7459626228,P00121
PH00405,7512073465,P01928
PH00406,8950050702,P01812
PH00407,6869822105,P01820
PH00408,6611776872,P01786
PH00409,6477425859,P01709
PH00410,6779323822,P01333
PH00411,6164913342,P00445
PH00412,8579889425,P01455
PH00413,7906032020,P00833
PH00414,7265097753,P01664
PH00415,9737948714,P01256
PH00416,8524578715,P01309
PH00417,8156082137,P01519
PH00418,6842547681,P01655
PH00419,7683230358,P01930
PH00420,7988085838,P01203
PH00421,7129328963,P00327
PH00422,9468677524,P00547
PH00423,8843991062,P00001
PH00424,7362669335,P00281
PH00425,8261923724,P00142
PH00426,6184819737,P01516
PH00427,6897215406,P00586
PH00428,8176927438,P01670
PH00429,8376601444,P00199
PH00430,8645101739,P01279
PH00431,9417899698,P00981
PH00432,9091919113,P01736
PH00433,9605779806,P00712
PH00434,9039205146,P01621
PH00435,9455534705,P01597
PH00436,8238856527,P00907
PH00437,8598354116,P01709
PH00438,9263475575,P00613
PH00439,7501394884,P01505
PH00440,7691311964,P01509
PH00441,8856261499,P00285
PH00442,8370382407,P01940
PH00443,7337320430,P00442
PH00444,9768893628,P01709
PH00445,9454655358,P01160
PH00446,7538921878,P00705
PH00447,7583749079,P00614
PH00448,9120878057,P00865
PH00449,7151494097,P01731
PH00450,7637484539,P00852
PH00451,9289509059,P01589
PH00452,6918623392,P00230
PH00453,6715116966,P01665
PH00454,9252145264,P00749
PH00455,7463351571,P00992
PH00456,6908051208,P01043
PH00457,8640995123,P00026
PH00458,9283512959,P01271
PH00459,9282709081,P00346
PH00460,8415298217,P01608
PH00461,7957867181,P00381
PH00462,8237360507,P00669
PH00463,6815899886,P01616
PH00464,7452734666,P01509
PH00465,9071587964,P00742
PH00466,8080314998,P00987
PH00467,8080046358,P00338
PH00468,9882850317,P00102
PH00469,7513739900,P01896
PH00470,7140352635,P01837
PH00471,9022939469,P01828
PH00472,8346066643,P01419
PH00473,9490607231,P01629
PH00474,6271285246,P01273
PH00475,8494116318,P00559
PH00476,7280771130,P01689
PH00477,7113695727,P01659
PH00478,6833509025,P01194
PH00479,8257306624,P01713
PH00480,7235707139,P01005
PH00481,7285011688,P01053
PH00482,7550213060,P00037
PH00483,9913098107,P01124
PH00484,9496737945,P01870
PH00485,9727853242,P01961
PH00486,9425064207,P01923
PH00487,7625366677,P00807
PH00488,9755562833,P00875
PH00489,7939578654,P00430
PH00490,7718749603,P00422
PH00491,7686270369,P00430
PH00492,8926932657,P01331
PH00493,7759980111,P00479
PH00494,6515532341,P00046
PH00495,8977524418,P00717
PH00496,7261896288,P00314
PH00497,8312710267,P01256
PH00498,7095799270,P00747
PH00499,8515122946,P01939
PH00500,6354159709,P01827
PH00501,9254384807,P01775
PH00502,7034476504,P00625
PH00503,9158029090,P01495
PH00504,7766046558,P00593
PH00505,9652548374,P01702
PH00506,9158102131,P00523
PH00507,6293110059,P00346
PH00508,9519102312,P00141
PH00509,6063301658,P00180
PH00510,7792749072,P00380
PH00511,6234289311,P01009
PH00512,8326949684,P00371
PH00513,8538044210,P00431
PH00514,8096170159,P00125
PH00515,8919457575,P01536
PH00516,9583392056,P00992
PH00517,9567772266,P00920
PH00518,7562650622,P01896
PH00519,7310672453,P01185
PH00520,9248433797,P00046
PH00521,7705115794,P00857
PH00522,9367042549,P00276
PH00523,6928455259,P00848
PH00524,6075633535,P01939
PH00525,9485953259,P01267
PH00526,7993379705,P01941
PH00527,6629518779,P01017
PH00528,8176342507,P01793
PH00529,6559782457,P00481
PH00530,7399140388,P01970
PH00531,9604432400,P00554
PH00532,9157276829,P01302
PH00533,8147439742,P00876
PH00534,8010587525,P01173
PH00535,9806562590,P01658
PH00536,8990802711,P01286
PH00537,6823155516,P00272
PH00538,6768086628,P00680
PH00539,7721433080,P01643
PH00540,7700332285,P00102
PH00541,9084706810,P00635
PH00542,6339705195,P00395
PH00543,7632809448,P01013
PH00544,9239453546,P00738
PH00545,8707986321,P00229
PH00546,6339439457,P00082
PH00547,7943804032,P00106
PH00548,7765769277,P01715
PH00549,8319100900,P01120
PH00550,6476921053,P01889
PH00551,9514604014,P01289
PH00552,9310720113,P00277
PH00553,8409712316,P00900
PH00554,6076762090,P01354
PH00555,8473404337,P01310
PH00556,6968730451,P01615
PH00557,9782558825,P01196
PH00558,8629657542,P01466
PH00559,9865619425,P01624
PH00560,9782058295,P01843
PH00561,7923616188,P01079
PH00562,6904823571,P00083
PH00563,8868639561,P00641
PH00564,9230817214,P00445
PH00565,9438130004,P00473
PH00566,7114716560,P00233
PH00567,8565346997,P01392
PH00568,6707550476,P01268
PH00569,6699570607,P01501
PH00570,6748113176,P01512
PH00571,7970548739,P01494
PH00572,6290871827,P00808
PH00573,9804918727,P00541
PH00574,7049561213,P00574
PH00575,7062604235,P00953
PH00576,9371122299,P01727
PH00577,9560858167,P00051
PH00578,9861114576,P00066
PH00579,7210219237,P01008
PH00580,8847129618,P01316
PH00581,7242605080,P00078
PH00582,8980425373,P00217
PH00583,9773126881,P00372
PH00584,7821781923,P00286
PH00585,9534606056,P01252
PH00586,8679327986,P00055
PH00587,7398471690,P01290
PH00588,6205464754,P00823
PH00589,8478769899,P01666
PH00590,7751758891,P01319
PH00591,8449835539,P00492
PH00592,8358644963,P00377
PH00593,7435885379,P01529
PH00594,6433952753,P01035
PH00595,8978524914,P00770
PH00596,9860134778,P00240
PH00597,8896340679,P01166
PH00598,9651221500,P00208
PH00599,8188421630,P01690
PH00600,6015944633,P01775
PH00601,8853208953,P00435
PH00602,9389021994,P00335
PH00603,6136337922,P01614
PH00604,8103469967,P01828
PH00605,6167726960,P00422
PH00606,8376855078,P01081
PH00607,9935219626,P01231
PH00608,8564343697,P00408
PH00609,7170695560,P01919
PH00610,9616453454,P00973
PH00611,7398983065,P00945
PH00612,7121980418,P00094
PH00613,9242642364,P01859
PH00614,6319092487,P00327
PH00615,7303911142,P01881
PH00616,9852282305,P01065
PH00617,8808806220,P01706
PH00618,7395947372,P00928
PH00619,7290162047,P01419
PH00620,9688687859,P01054
PH00621,9486287203,P01153
PH00622,8419666450,P00146
PH00623,7036279246,P00616
PH00624,6374767753,P00477
PH00625,9032145057,P00918
PH00626,9194588707,P01813
PH00627,8348201284,P00136
PH00628,7850765975,P00118
PH00629,8508917768,P01240
PH00630,6265742231,P00070
PH00631,8630040236,P01233
PH00632,9268943012,P01137
PH00633,8713727117,P01712
PH00634,8957498855,P01618
PH00635,8933067458,P01049
PH00636,9094412833,P00590
PH00637,7721885666,P01756
PH00638,8132971506,P01131
PH00639,9267055143,P00798
PH00640,9693663439,P00963
PH00641,8295961111,P01602
PH00642,6286712007,P01584
PH00643,7455910245,P00347
PH00644,6090326714,P00194
PH00645,6942179428,P01186
PH00646,7406527758,P00190
PH00647,9634533722,P00601
PH00648,6912172214,P00071
PH00649,8937661894,P01533
PH00650,7705263510,P01871
PH00651,8627765725,P00062
PH00652,9592024617,P01486
PH00653,8202389743,P01747
PH00654,9005595501,P01438
PH00655,7325848689,P00955
PH00656,7607984870,P01224
PH00657,6691767993,P00558
PH00658,7744039464,P01839
PH00659,7037360601,P00010
PH00660,8886084907,P01598
PH00661,7884136852,P01978
PH00662,7061537012,P01090
PH00663,8244626325,P01857
PH00664,8488112103,P00191
PH00665,8217518878,P00132
PH00666,8151526384,P00235
PH00667,6122528837,P01444
PH00668,8056618632,P01983
PH00669,9913787655,P00375
PH00670,6073095055,P00394
PH00671,6571219881,P00819
PH00672,9788519053,P01185
PH00673,9401042462,P00611
PH00674,9185174460,P00550
PH00675,8521289915,P00054
PH00676,8551293913,P00218
PH00677,8881898484,P00094
PH00678,9046154021,P00195
PH00679,6170756814,P00186
PH00680,7152291073,P00312
PH00681,7283608493,P01452
PH00682,7063963845,P00976
PH00683,9944391649,P00264
PH00684,6693429291,P00987
PH00685,7203301623,P01932
PH00686,6903106153,P00543
PH00687,7155668473,P00882
PH00688,7365337746,P01710
PH00689,6672007843,P00094
PH00690,8244260781,P00814
PH00691,8437347642,P01173
PH00692,9203763882,P00949
PH00693,8841484601,P00210
PH00694,6344389982,P01132
PH00695,6205869507,P01253
PH00696,6464493699,P00382
PH00697,6679335055,P01127
PH00698,7857368011,P00932
PH00699,7360376811,P01130
PH00700,9233351040,P01359
PH00701,9149731539,P01829
PH00702,8983074820,P00229
PH00703,9365118939,P01846
PH00704,9557820190,P00545
PH00705,7223023332,P01331
PH00706,6739201354,P00577
PH00707,9212760250,P01663
PH00708,9112312616,P01063
PH00709,7488899572,P00451
PH00710,7762974549,P01653
PH00711,6364687191,P00424
PH00712,7038187692,P01585
PH00713,7832308981,P00103
PH00714,6588144582,P00472
PH00715,6673231829,P01652
PH00716,9815724500,P00872
PH00717,6001529113,P01523
PH00718,6785090255,P00950
PH00719,6844421829,P00746
PH00720,9478122489,P01332
PH00721,8670867009,P01569
PH00722,8365515848,P00094
PH00723,9913624835,P00292
PH00724,6542960807,P00730
PH00725,7369987950,P00103
PH00726,7210401648,P01538
PH00727,6442877383,P00240
PH00728,7816432126,P00744
PH00729,8289464203,P01236
PH00730,7586314417,P01753
PH00731,9462554026,P01742
PH00732,8582430176,P01570
PH00733,8489880315,P00602
PH00734,7452790504,P00472
PH00735,6433335384,P01372
PH00736,6632111978,P01174
PH00737,6809339137,P00923
PH00738,9530601198,P00429
PH00739,8617868800,P00985
PH00740,7009156182,P01816
PH00741,6365774491,P01669
PH00742,9093659520,P01919
PH00743,6189418433,P00152
PH00744,9509263223,P00779
PH00745,7137455611,P01211
PH00746,6428860505,P00500
PH00747,9660811260,P00465
PH00748,7083566910,P01874
PH00749,9153123455,P00759
PH00750,9882691776,P00101
PH00751,7938440134,P01519
PH00752,6873543788,P01784
PH00753,6335910157,P00265
PH00754,6908599144,P01379
PH00755,6749269996,P01147
PH00756,9489971842,P01525
PH00757,8969325914,P01068
PH00758,8993231234,P00045
PH00759,9698069087,P01555
PH00760,6760723483,P00304
PH00761,7595382804,P01035
PH00762,8612996508,P01652
PH00763,7695826418,P01603
PH00764,9561308761,P00752
PH00765,7385951434,P01341
PH00766,7394840027,P00782
PH00767,6086966101,P01500
PH00768,9831139500,P01661
PH00769,9809414915,P01888
PH00770,9283976205,P00106
PH00771,8407779462,P00436
PH00772,9266292508,P00115
PH00773,9760299140,P01590
PH00774,8133373125,P00779
PH00775,7356178170,P00706
PH00776,7119206136,P00405
PH00777,8277895613,P00466
PH00778,6844490295,P00431
PH00779,9480164403,P00094
PH00780,8167812778,P00892
PH00781,7102179821,P00333
PH00782,8862985797,P01255
PH00783,9383182856,P00458
PH00784,7970798661,P00059
PH00785,6673682050,P00896
PH00786,7122355216,P00741
PH00787,8058714692,P01355
PH00788,7192596790,P01460
PH00789,8369984802,P01115
PH00790,6509386948,P00246
PH00791,7495988114,P01936
PH00792,9071523867,P00687
PH00793,7820974619,P00768
PH00794,9798768299,P00126
PH00795,9225893708,P01824
PH00796,6623504056,P00625
PH00797,8790012482,P00749
PH00798,8544286796,P01551
PH00799,8942328946,P00388
PH00800,7389156241,P01655
PH00801,8285725629,P01366
PH00802,7358951381,P00335
PH00803,9550784685,P01118
PH00804,8744303491,P00033
PH00805,6179720385,P01752
PH00806,8015364154,P01163
PH00807,8531325936,P00897
PH00808,6367500942,P00941
PH00809,6410527698,P01390
PH00810,6987809270,P01892
PH00811,7388856225,P00534
PH00812,9605986787,P01115
PH00813,7275854859,P00547
PH00814,8594282491,P00833
PH00815,9502000245,P01933
PH00816,7132155130,P01277
PH00817,9083682144,P00637
PH00818,9699727367,P00558
PH00819,9462025825,P01790
PH00820,6832812312,P00564
PH00821,7049106018,P00395
PH00822,8723875082,P00477
PH00823,9817225775,P01526
PH00824,8847262905,P00509
PH00825,6876831608,P00278
PH00826,9172173373,P01734
PH00827,7052229993,P01845
PH00828,7165914388,P01477
PH00829,7553983584,P00281
PH00830,6777326430,P00523
PH00831,8497912799,P01141
PH00832,7927120539,P00866
PH00833,9137529883,P00927
PH00834,6125608320,P00254
PH00835,8879788897,P01762
PH00836,7585238600,P00691
PH00837,8436199517,P00399
PH00838,7391029295,P00133
PH00839,6437483093,P01325
PH00840,9713971912,P01816
PH00841,7213217672,P00780
PH00842,6116612201,P00104
PH00843,6725873393,P01233
PH00844,7665380274,P00072
PH00845,6242114086,P01547
PH00846,7509522946,P01248
PH00847,7556103995,P00250
PH00848,9013712436,P00249
PH00849,8856423041,P01866
PH00850,7027061592,P01770
PH00851,9402990716,P00947
PH00852,6632248155,P00842
PH00853,7034030109,P00511
PH00854,9797564915,P00718
PH00855,8546234712,P00873
PH00856,8760108018,P01667
PH00857,7068317641,P00236
PH00858,9808081571,P00968
PH00859,6150713806,P00288
PH00860,7073510458,P00895
PH00861,9436213009,P01905
PH00862,8885766947,P00860
PH00863,6805339627,P00060
PH00864,9662159183,P01837
PH00865,9000466614,P01656
PH00866,6110797714,P01928
PH00867,8938819490,P00073
PH00868,6520499809,P00618
PH00869,9698731379,P00583
PH00870,6669841661,P00866
PH00871,9407794332,P00289
PH00872,9238994991,P01517
PH00873,9014262037,P01993
PH00874,9821160204,P00099
PH00875,6359989897,P00188
PH00876,6170889480,P01794
PH00877,6864482217,P01626
PH00878,8883978570,P01889
PH00879,6048067571,P01077
PH00880,7369149611,P01653
PH00881,9942968827,P01864
PH00882,9970409531,P01446
PH00883,6961560783,P00506
PH00884,8883565179,P00346
PH00885,9240964966,P01588
PH00886,8960478421,P01093
PH00887,7851622593,P00875
PH00888,9488208934,P01649
PH00889,7906246728,P01067
PH00890,6609114131,P00878
PH00891,7592361337,P01173
PH00892,6523045881,P01437
PH00893,6254472419,P00786
PH00894,8034409661,P00191
PH00895,9182498980,P00929
PH00896,6678214174,P01093
PH00897,6359266486,P00815
PH00898,7969874869,P01233
PH00899,6559450119,P00612
PH00900,7075360511,P00261
PH00901,9039886365,P00938
PH00902,7189455906,P00485
PH00903,6099424894,P00961
PH00904,8664896676,P00350
PH00905,9420456577,P00097
PH00906,6974533890,P00672
PH00907,7546622654,P00840
PH00908,9599530062,P00106
PH00909,6224276774,P01707
PH00910,8916011241,P00787
PH00911,8886008017,P00182
PH00912,9778231299,P01178
PH00913,8704726426,P01760
PH00914,6203843753,P00152
PH00915,9807852548,P00851
PH00916,7183854540,P00341
PH00917,9445475231,P00062
PH00918,7274897917,P00214
PH00919,9334272038,P00865
PH00920,7175080196,P01076
PH00921,6453069358,P01922
PH00922,7493534001,P00999
PH00923,9778481652,P01025
PH00924,8544608385,P00547
PH00925,9993781053,P01373
PH00926,6287884869,P01287
PH00927,9988290457,P01134
PH00928,7714724630,P01156
PH00929,9424238397,P01615
PH00930,7391218706,P00319
PH00931,7932880983,P01832
PH00932,6010232001,P00328
PH00933,9766100898,P01380
PH00934,9610814356,P01832
PH00935,8038453198,P01586
PH00936,9468235469,P01506
PH00937,6003076205,P00621
PH00938,8596715006,P01631
PH00939,9641106541,P00857
PH00940,7407851699,P01416
PH00941,9089058366,P00528
PH00942,8826899962,P01097
PH00943,9083868889,P00763
PH00944,9915059625,P00229
PH00945,6976093201,P00896
PH00946,8789826041,P00256
PH00947,6952175585,P01106
PH00948,6777412746,P01942
PH00949,6188241996,P01205
PH00950,9422297589,P01876
PH00951,6454218545,P00148
PH00952,6568209225,P00962
PH00953,6900163564,P00986
PH00954,9232472828,P01898
PH00955,8001788224,P01221
PH00956,7126168507,P01432
PH00957,8801195092,P00132
PH00958,6152610537,P01683
PH00959,7300716950,P00104
PH00960,9418948543,P00011
PH00961,7987698936,P01616
PH00962,8471619827,P00683
PH00963,8813104502,P00399
PH00964,9321743574,P00696
PH00965,7526806486,P01043
PH00966,9739834488,P00076
PH00967,8253646280,P00386
PH00968,6774065795,P00652
PH00969,8623920908,P00697
PH00970,8107409131,P01870
PH00971,6786190254,P01899
PH00972,9602206953,P01406
PH00973,8120122759,P00618
PH00974,6026015153,P00705
PH00975,7594795074,P01721
PH00976,9173279805,P00087
PH00977,8031006493,P01415
PH00978,6391045203,P01938
PH00979,8118491359,P00847
PH00980,7855359520,P01233
PH00981,6006799006,P00713
PH00982,6186774037,P01141
PH00983,7339449530,P00995
PH00984,9762550325,P00007
PH00985,6736542624,P01653
PH00986,8290292334,P00205
PH00987,6100906053,P00653
PH00988,9843021166,P00013
PH00989,7904575988,P00875
PH00990,7129964260,P00891
PH00991,7620275582,P00453
PH00992,9709207115,P00156
PH00993,7802362192,P01679
PH00994,6897059161,P00135
PH00995,9385588195,P01539
PH00996,9721688005,P01136
PH00997,9893186928,P01828
PH00998,9284540182,P01811
PH00999,9200283948,P00328
PH01000,7220414474,P00247
PH01001,7811659930,P01307
PH01002,6203042322,P01343
PH01003,9521353028,P01432
PH01004,8064630059,P00184
PH01005,9775691983,P00452
PH01006,6029161746,P00256
PH01007,6298310438,P01726
PH01008,6966229131,P01639
PH01009,6805685667,P00828
PH01010,6636219865,P01905
PH01011,8944407663,P00714
PH01012,7396504962,P01367
PH01013,7262611424,P00896
PH01014,9258542188,P00429
PH01015,6879919623,P01270
PH01016,6996433853,P01443
PH01017,8725058333,P01769
PH01018,7031158760,P00510
PH01019,8576947576,P00737
PH01020,8535365974,P01174
PH01021,9163421254,P00773
PH01022,6959481526,P00730
PH01023,8596647213,P01192
PH01024,8235914261,P00028
PH01025,8048933261,P01861
PH01026,8430796373,P00591
PH01027,6081785221,P00202
PH01028,9184523542,P00159
PH01029,9447017320,P00857
PH01030,9523777296,P01380
PH01031,8633701400,P00785
PH01032,8278105580,P01844
PH01033,7722142573,P00071
PH01034,6943913681,P00230
PH01035,7031369552,P00980
PH01036,9209297352,P01032
PH01037,8332227393,P01437
PH01038,7045735323,P01780
PH01039,6850761087,P00836
PH01040,7697182360,P00089
PH01041,9126158388,P00192
PH01042,7176484673,P01263
PH01043,8223322280,P00638
PH01044,8425892225,P01267
PH01045,9295350637,P00796
PH01046,7118046741,P01724
PH01047,6753841852,P01651
PH01048,6362608463,P00028
PH01049,9561547055,P01141
PH01050,6215164119,P00492
PH01051,8564091969,P01525
PH01052,8787520702,P01969
PH01053,7620197121,P00038
PH01054,6393696789,P00292
PH01055,9098731267,P01292
PH01056,7192276075,P01780
PH01057,9865339431,P01386
PH01058,9543089523,P01206
PH01059,6219150576,P00241
PH01060,8974700026,P00536
PH01061,9644867649,P01934
PH01062,9416365604,P00884
PH01063,6063553730,P01710
PH01064,9496927711,P01178
PH01065,8296353059,P01761
PH01066,6255128276,P00922
PH01067,9431594898,P01346
PH01068,8965466345,P01676
PH01069,8344149169,P01503
PH01070,7934497439,P01850
PH01071,9408822309,P01757
PH01072,9297398894,P00647
PH01073,7109720217,P00194
PH01074,9548534655,P01517
PH01075,7203004496,P00934
PH01076,9129390025,P01693
PH01077,6375658963,P00207
PH01078,8708619931,P00652
PH01079,8843456631,P00511
PH01080,8034236220,P00144
PH01081,7474246310,P01710
PH01082,9968680085,P00591
PH01083,7946902177,P01420
PH01084,6743043502,P01773
PH01085,8022894665,P00449
PH01086,8233282930,P00355
PH01087,7569133030,P00264
PH01088,8677116750,P00433
PH01089,9279955302,P00865
PH01090,8301239847,P00546
PH01091,6342028471,P00334
PH01092,6172224050,P01889
PH01093,9487177546,P00866
PH01094,7406583872,P00205
PH01095,9258122590,P01569
PH01096,8668448237,P01598
PH01097,7791212110,P00487
PH01098,9803586901,P00229
PH01099,6740392519,P00898
PH01100,8529517122,P01942
PH01101,9643387220,P00277
PH01102,8221626549,P00712
PH01103,9330833444,P01752
PH01104,6488789950,P00873
PH01105,6205968519,P00533
PH01106,8377492663,P01524
PH01107,8634277752,P00314
PH01108,8920616581,P00315
PH01109,7059229411,P00276
PH01110,9302955963,P00634
PH01111,9262942066,P00861
PH01112,8980851331,P00152
PH01113,6049832112,P00441
PH01114,6215481582,P01698
PH01115,9876401918,P01736
PH01116,6644200629,P00643
PH01117,9787358566,P01850
PH01118,9419623421,P00552
PH01119,9221320410,P01220
PH01120,8831478911,P00558
PH01121,9269999498,P00931
PH01122,7831800366,P00190
PH01123,7000532853,P00806
PH01124,7105052438,P01087
PH01125,6582692990,P01791
PH01126,9862763328,P00118
PH01127,7896337618,P01987
PH01128,6862671368,P00664
PH01129,6013282339,P00597
PH01130,7527918750,P00298
PH01131,9761065920,P00798
PH01132,6431927976,P01267
PH01133,6596983845,P00225
PH01134,7026656862,P01318
PH01135,8912573498,P01222
PH01136,7553946074,P01185
PH01137,6747296694,P01767
PH01138,9996708089,P00125
PH01139,9485994641,P00905
PH01140,7984167347,P01904
PH01141,8369881649,P01034
PH01142,8450928605,P01065
PH01143,6026270664,P01927
PH01144,6082484581,P01105
PH01145,6889830574,P01533
PH01146,7997418563,P01331
PH01147,9500030566,P00031
PH01148,8305641849,P00199
PH01149,9846790870,P00378
PH01150,9260013651,P01304
PH01151,8444299067,P00093
PH01152,8686524062,P00540
PH01153,7155996725,P01567
PH01154,7221905334,P01860
PH01155,6474764845,P00866
PH01156,7965213835,P00736
PH01157,6245531290,P00014
PH01158,7622117327,P00008
PH01159,9488395855,P00981
PH01160,7294252516,P01108
PH01161,8759171050,P00223
PH01162,6549147744,P01055
PH01163,8352478417,P00932
PH01164,8973449305,P00229
PH01165,6331836113,P00454
PH01166,7608788281,P00468
PH01167,7787304862,P00697
PH01168,6521746535,P00620
PH01169,9801891567,P01452
PH01170,8671776296,P00370
PH01171,6433629994,P01178
PH01172,9450999900,P01772
PH01173,8739083521,P00215
PH01174,9844246488,P01406
PH01175,9957285759,P00583
PH01176,7819022179,P00690
PH01177,6248839717,P00917
PH01178,8984451436,P00030
PH01179,7868112303,P00984
PH01180,8681193978,P01052
PH01181,8900992177,P00160
PH01182,8528669335,P01152
PH01183,8880705326,P00177
PH01184,6193910382,P00042
PH01185,9425513609,P01701
PH01186,8818104502,P00116
PH01187,9361587366,P00587
PH01188,9135896933,P00272
PH01189,6058561547,P00698
PH01190,6566397925,P01329
PH01191,6164369028,P00687
PH01192,9727028966,P01815
PH01193,8342816441,P00806
PH01194,9101975358,P01630
PH01195,8640510388,P01739
PH01196,9304276362,P00003
PH01197,6444718939,P01862
PH01198,7096906764,P00622
PH01199,6922884987,P01386
PH01200,8513587271,P01522
PH01201,7068811640,P00896
PH01202,7988187387,P00401
PH01203,8833364770,P00874
PH01204,6309091538,P01653
PH01205,9028262542,P01649
PH01206,8123190577,P01938
PH01207,8410079419,P00259
PH01208,8538109794,P00426
PH01209,7248709872,P00192
PH01210,8963225174,P01484
PH01211,7404326118,P01580
PH01212,6034686163,P01653
PH01213,6286720200,P00097
PH01214,7662195368,P01189
PH01215,6577950017,P01166
PH01216,8900739713,P00476
PH01217,6722113869,P01500
PH01218,9167221045,P00081
PH01219,8617192817,P01736
PH01220,9443602344,P01662
PH01221,7252160252,P01709
PH01222,8120944772,P00425
PH01223,6326551327,P00741
PH01224,9948024559,P00804
PH01225,6602119158,P01079
PH01226,6268649864,P01162
PH01227,9862376008,P00946
PH01228,8740837819,P01047
PH01229,6749921640,P00210
PH01230,7692353484,P00097
PH01231,8708213986,P01014
PH01232,9220212372,P00625
PH01233,8503300008,P01728
PH01234,7467391900,P01034
PH01235,6141600916,P01028
PH01236,7327379897,P01133
PH01237,6608548186,P01475
PH01238,8630009984,P00949
PH01239,7611371181,P01366
PH01240,8458294203,P00625
PH01241,6153534660,P01270
PH01242,9999449466,P00881
PH01243,6108240281,P00870
PH01244,7238794026,P01374
PH01245,8817452735,P00274
PH01246,7642357004,P01272
PH01247,6828518161,P00172
PH01248,8590461007,P01255
PH01249,7046600128,P01204
PH01250,7710123296,P00474
PH01251,6204850766,P00138
PH01252,7446042276,P01498
PH01253,8601915305,P01975
PH01254,7472435861,P00991
PH01255,9822512726,P00973
PH01256,6866656224,P00895
PH01257,9687849477,P01966
PH01258,7903500618,P01654
PH01259,9422354340,P00594
PH01260,9682121564,P00601
PH01261,8254920644,P01209
PH01262,6119738818,P01285
PH01263,7063435948,P00286
PH01264,7188496806,P01744
PH01265,6511021254,P00796
PH01266,8123016049,P00388
PH01267,9037218600,P01483
PH01268,6319789990,P00400
PH01269,8003471317,P00161
PH01270,9860162590,P01491
PH01271,8194785501,P01438
PH01272,9535821072,P00154
PH01273,9807279037,P01116
PH01274,9160881972,P00215
PH01275,7996477183,P00252
PH01276,7076810248,P00960
PH01277,8578002443,P00031
PH01278,7362216906,P01589
PH01279,9857467067,P01206
PH01280,8169139521,P01361
PH01281,6642610703,P00633
PH01282,6842431983,P00391
PH01283,8848130041,P01154
PH01284,6053021516,P01471
PH01285,8864633953,P00941
PH01286,6105014764,P00606
PH01287,7789615738,P01530
PH01288,6281775123,P00666
PH01289,9815542609,P01184
PH01290,7602446546,P00915
PH01291,9205171073,P01539
PH01292,9156478370,P00121
PH01293,9543802741,P00429
PH01294,8726029254,P01676
PH01295,9862728840,P01534
PH01296,9420763271,P00886
PH01297,7538676259,P01714
PH01298,9879060488,P00242
PH01299,7205534050,P01989
PH01300,7739615976,P01373
PH01301,6535670789,P01900
PH01302,9554261903,P01759
PH01303,8227362732,P01657
PH01304,7227111757,P00118
PH01305,6716204298,P00842
PH01306,8486983052,P00735
PH01307,9903922026,P01876
PH01308,6142647106,P01991
PH01309,6770316370,P01093
PH01310,6049332672,P01770
PH01311,8693172947,P00497
PH01312,7808390654,P00858
PH01313,8998519393,P00120
PH01314,7728129163,P00246
PH01315,6496026676,P00690
PH01316,7728453974,P01289
PH01317,8070886406,P01244
PH01318,8602080192,P01493
PH01319,7215439044,P01190
PH01320,6932253332,P01083
PH01321,7351025550,P00014
PH01322,7545036988,P00218
PH01323,8393332436,P01611
PH01324,9208059831,P01831
PH01325,8412907596,P00244
PH01326,7012376317,P00613
PH01327,8421062941,P00910
PH01328,9591922671,P01131
PH01329,6753626475,P01403
PH01330,9461209617,P00295
PH01331,7009928452,P01612
PH01332,7211535505,P00532
PH01333,7219143087,P00185
PH01334,9247925422,P00960
PH01335,7458192048,P01940
PH01336,6676933329,P00955
PH01337,9515902578,P01180
PH01338,9408585883,P01329
PH01339,7567262084,P01653
PH01340,7925435519,P00780
PH01341,7225018256,P00770
PH01342,8728639420,P00328
PH01343,7234149929,P00179
PH01344,6966270266,P00024
PH01345,8095632174,P00001
PH01346,6391019335,P01292
PH01347,7224711936,P01519
PH01348,6608277056,P01699
PH01349,6607626438,P00551
PH01350,8009537234,P01426
PH01351,9623133610,P00837
PH01352,8416423165,P01285
PH01353,8137277685,P00542
PH01354,9063494290,P00941
PH01355,9175518870,P01634
PH01356,9999324202,P01996
PH01357,7744417234,P00564
PH01358,8386947902,P00684
PH01359,8853626890,P00708
PH01360,9238641009,P00550
PH01361,8574216435,P00670
PH01362,6093781460,P01555
PH01363,9143788443,P00597
PH01364,9618756467,P00904
PH01365,9368154185,P00256
PH01366,6027729108,P01629
PH01367,6786043566,P00602
PH01368,6337469833,P00066
PH01369,9730671822,P00055
PH01370,9679419087,P01465
PH01371,9538590673,P01010
PH01372,7428987605,P01144
PH01373,8049221704,P01590
PH01374,9186706632,P01294
PH01375,6629073992,P01672
PH01376,6982718265,P01525
PH01377,7371708649,P01929
PH01378,9942039831,P00514
PH01379,7549014599,P01347
PH01380,9069219587,P01957
PH01381,8498243884,P00374
PH01382,7021781678,P01314
PH01383,6664315890,P01715
PH01384,8928150370,P00199
PH01385,6926407030,P00220
PH01386,6817262829,P01021
PH01387,7448500728,P01889
PH01388,8927411680,P01009
PH01389,6961276620,P00835
PH01390,7039170263,P01115
PH01391,8443596245,P01342
PH01392,9012042425,P01997
PH01393,6912375302,P00425
PH01394,8976039670,P01101
PH01395,8365240553,P00256
PH01396,9481875403,P01393
PH01397,8882159773,P01743
PH01398,8662323606,P01032
PH01399,9998649125,P00792
PH01400,9220429862,P01162
PH01401,9992066617,P00325
PH01402,9235699929,P01893
PH01403,7358768877,P01823
PH01404,7560413482,P00891
PH01405,8931539839,P00094
PH01406,7600014407,P00167
PH01407,7914304913,P01854
PH01408,6389752872,P00590
PH01409,9564224059,P00065
PH01410,7082353097,P01938
PH01411,9919489629,P01988
PH01412,6568201753,P01877
PH01413,6796618695,P01254
PH01414,7404347412,P01956
PH01415,6379561007,P00624
PH01416,7217503619,P00971
PH01417,7025999193,P01517
PH01418,7370342444,P01027
PH01419,8890476078,P01689
PH01420,7351076519,P00820
PH01421,9085173289,P00143
PH01422,8563409185,P00688
PH01423,8581157449,P01012
PH01424,8391607700,P00772
PH01425,7045418403,P00560
PH01426,7218039662,P01208
PH01427,6385886407,P01526
PH01428,6265295164,P01066
PH01429,7335623039,P01381
PH01430,8408806708,P01970
PH01431,9092019918,P01437
PH01432,8311326611,P01673
PH01433,8858052632,P00662
PH01434,6960472205,P01312
PH01435,9077454470,P00445
PH01436,7317146199,P01722
PH01437,7946766262,P00670
PH01438,9053026184,P00485
PH01439,8787036860,P00035
PH01440,6630663605,P00652
PH01441,6640989103,P00087
PH01442,6203025209,P01173
PH01443,7375979531,P00514
PH01444,7600986027,P01148
PH01445,9454492054,P00690
PH01446,8453811808,P01490
PH01447,9558344566,P00232
PH01448,7952179705,P00308
PH01449,9036162486,P01395
PH01450,6472660235,P00062
PH01451,6585015301,P01592
PH01452,6671560587,P00869
PH01453,8224413395,P01143
PH01454,8064531579,P00601
PH01455,9191898664,P00106
PH01456,9936561833,P01691
PH01457,9487680570,P01757
PH01458,7771843019,P01537
PH01459,6956733329,P00365
PH01460,7239644028,P01393
PH01461,8326769924,P01836
PH01462,9392385202,P00324
PH01463,7091401693,P00467
PH01464,7844234719,P00448
PH01465,7907551545,P01183
PH01466,9075699913,P00246
PH01467,7100643322,P01101
PH01468,9227777331,P01540
PH01469,6664707038,P00816
PH01470,7605952984,P00714
PH01471,8107402740,P00262
PH01472,9758267625,P01348
PH01473,6620036385,P01137
PH01474,9461497459,P01267
PH01475,7183997984,P00961
PH01476,6498609955,P01679
PH01477,8932664322,P00030
PH01478,8612128981,P01486
PH01479,6594853400,P01318
PH01480,7762239847,P01396
PH01481,7567871888,P00589
PH01482,7378870584,P00275
PH01483,6613495647,P00135
PH01484,8605867949,P01491
PH01485,9383097236,P01544
PH01486,6809261662,P01601
PH01487,9555786457,P00015
PH01488,9555751247,P01329
PH01489,6006875868,P00853
PH01490,8051665451,P01707
PH01491,8441899740,P00301
PH01492,7386860835,P00281
PH01493,6170363094,P01638
PH01494,8238602050,P01614
PH01495,7094134909,P01080
PH01496,6979797245,P01533
PH01497,8135694804,P01981
PH01498,6735674809,P00624
PH01499,7940598026,P00633
PH01500,8420315892,P00003
PH01501,8907342031,P00655
PH01502,9774867595,P01126
PH01503,6418648230,P01909
PH01504,7958684196,P00994
PH01505,7260586942,P00313
PH01506,9483173066,P00909
PH01507,7151817882,P00356
PH01508,7655946989,P00577
PH01509,9232723717,P01666
PH01510,6223790065,P01247
PH01511,9084779541,P01645
PH01512,9675539818,P01252
PH01513,6737815915,P01080
PH01514,6894589626,P00980
PH01515,7848876380,P01651
PH01516,6761239612,P01717
PH01517,6518812988,P00220
PH01518,6820706690,P01286
PH01519,6792372982,P01741
PH01520,7348649703,P00761
PH01521,6675789683,P01427
PH01522,7557077312,P01993
PH01523,7155505705,P01674
PH01524,6879938444,P00246
PH01525,8883114147,P00089
PH01526,6235036871,P01899
PH01527,9891097797,P00638
PH01528,7344568446,P01073
PH01529,8036640163,P01952
PH01530,8737831597,P01871
PH01531,7927318683,P00724
PH01532,7915854233,P01420
PH01533,6651854839,P00342
PH01534,9073446746,P00857
PH01535,6595841749,P00345
PH01536,6705022181,P00221
PH01537,6413447609,P00794
PH01538,7774029286,P00500
PH01539,7302650996,P00565
PH01540,7183667719,P01412
PH01541,9661025634,P01488
PH01542,6222349980,P00339
PH01543,7768367590,P00144
PH01544,9915244614,P00185
PH01545,7335174656,P00575
PH01546,7601863726,P01758
PH01547,8695592277,P00431
PH01548,8149003850,P00741
PH01549,8513444867,P01945
PH01550,7904733145,P00274
PH01551,6574932511,P00542
PH01552,9887953120,P00510
PH01553,8437766183,P00567
PH01554,8800187314,P00100
PH01555,6511436786,P00408
PH01556,6078187109,P00334
PH01557,8642570680,P01340
PH01558,9933154230,P00279
PH01559,6230286550,P00794
PH01560,7241142066,P01348
PH01561,6514599201,P00949
PH01562,9633822224,P01965
PH01563,8392220562,P00073
PH01564,6901134843,P01308
PH01565,6332528613,P00441
PH01566,8564523428,P00311
PH01567,8976024986,P00784
PH01568,8209536773,P00849
PH01569,8297356152,P00543
PH01570,9559147625,P01995
PH01571,6966414753,P01567
PH01572,8247466535,P00487
PH01573,9298532436,P00411
PH01574,7415712763,P00979
PH01575,7543468586,P01485
PH01576,6616824979,P00480
PH01577,6615381168,P01276
PH01578,9103073726,P01309
PH01579,7014896780,P00116
PH01580,7649312146,P01112
PH01581,8762542926,P01561
PH01582,8563391729,P01680
PH01583,8036948112,P01716
PH01584,9497196706,P01283
PH01585,7353910161,P01361
PH01586,6163994901,P00332
PH01587,7443767348,P00385
PH01588,8098410167,P01583
PH01589,6148116049,P01202
PH01590,6004202886,P01306
PH01591,6680199034,P01702
PH01592,7485484203,P00282
PH01593,6607917913,P00627
PH01594,9015711713,P01834
PH01595,6940247028,P01750
PH01596,6411287452,P01111
PH01597,6936785764,P01812
PH01598,7913810749,P01715
PH01599,9194232154,P01940
PH01600,6315350696,P01750
PH01601,7616845525,P01929
PH01602,9410254717,P00343
PH01603,8885669489,P01167
PH01604,7005195675,P01963
PH01605,9355842271,P01874
PH01606,9625650460,P00901
PH01607,6144130686,P00941
PH01608,8087100668,P01717
PH01609,8172820762,P01199
PH01610,6152232822,P00379
PH01611,7408475283,P00341
PH01612,8004108479,P00706
PH01613,7511350535,P01598
PH01614,9228920641,P01932
PH01615,8780978302,P01278
PH01616,6104194534,P01847
PH01617,8281447867,P00154
PH01618,7802188930,P00564
PH01619,8780378912,P00759
PH01620,9436990558,P00191
PH01621,8759940842,P00635
PH01622,6696904528,P01150
PH01623,9061065673,P01214
PH01624,8570165276,P00458
PH01625,7681498025,P00184
PH01626,6843769929,P00434
PH01627,8447725084,P01694
PH01628,7242348004,P01348
PH01629,7415536915,P00161
PH01630,8749062796,P01067
PH01631,8257033329,P00031
PH01632,8523158286,P01583
PH01633,8029662991,P00446
PH01634,6742922041,P00872
PH01635,7153926693,P00800
PH01636,6632503139,P00939
PH01637,6485022061,P00308
PH01638,6193335937,P01340
PH01639,6900002956,P01208
PH01640,7256471855,P00193
PH01641,8079923045,P01938
PH01642,7231677814,P01448
PH01643,8743701945,P00654
PH01644,6177666505,P00387
PH01645,9612092815,P00345
PH01646,6619022311,P00941
PH01647,9067635322,P00768
PH01648,9185921268,P00393
PH01649,8637114294,P01438
PH01650,6037539892,P00380
PH01651,6324659866,P01743
PH01652,7784178376,P01224
PH01653,6538201140,P00678
PH01654,8266426735,P01624
PH01655,7724553375,P00126
PH01656,8697648784,P01342
PH01657,7249451046,P01178
PH01658,8069296568,P01249
PH01659,6206276729,P01852
PH01660,8097934421,P01887
PH01661,6465022347,P00255
PH01662,6457972518,P00914
PH01663,6703398214,P00570
PH01664,7337209451,P00895
PH01665,9767063632,P01434
PH01666,9301122008,P01694
PH01667,8264833367,P00571
PH01668,9082896713,P01349
PH01669,8494692085,P00749
PH01670,8901324951,P01828
PH01671,7500115461,P01810
PH01672,6803889044,P00940
PH01673,6404315668,P01274
PH01674,7538148374,P00672
PH01675,8803090168,P00906
PH01676,9471778401,P01858
PH01677,6271698837,P01921
PH01678,9115866861,P01400
PH01679,9675983326,P00168
PH01680,6505835345,P00131
PH01681,6956572853,P01286
PH01682,7399824266,P00721
PH01683,6775801584,P01315
PH01684,9879303028,P01852
PH01685,7727669834,P00675
PH01686,8025285461,P00621
PH01687,6873089720,P01935
PH01688,7827777118,P01276
PH01689,8278630900,P00572
PH01690,6210242344,P00872
PH01691,6577719619,P00968
PH01692,9165965667,P01164
PH01693,6996833440,P00799
PH01694,8224265379,P00037
PH01695,7219143907,P00395
PH01696,8736015791,P00045
PH01697,8010162600,P00164
PH01698,7658934759,P01001
PH01699,7354883571,P00901
PH01700,6496791463,P01201
PH01701,9643203172,P01939
PH01702,9652824685,P01631
PH01703,7724000208,P00517
PH01704,6146051908,P00769
PH01705,8327163033,P01523
PH01706,9369301000,P00629
PH01707,7187810480,P01179
PH01708,7541589290,P00338
PH01709,7043766136,P01240
PH01710,6812268159,P00775
PH01711,9470531105,P00593
PH01712,7309673979,P01358
PH01713,7189142693,P01001
PH01714,9501676718,P00938
PH01715,9288363688,P00982
PH01716,8016276292,P01806
PH01717,9678809376,P00361
PH01718,9522898907,P00169
PH01719,7598125597,P00570
PH01720,7659764083,P00949
PH01721,8805014171,P01817
PH01722,9578939129,P01777
PH01723,8651887114,P01912
PH01724,6050092449,P01047
PH01725,7878757030,P01405
PH01726,7011250186,P01541
PH01727,6742906952,P01665
PH01728,7336931806,P01993
PH01729,6073024266,P00328
PH01730,9537405714,P00270
PH01731,8674068735,P00598
PH01732,8534514668,P01290
PH01733,9583483483,P01950
PH01734,8862673664,P01319
PH01735,7207758708,P01031
PH01736,8326983443,P01795
PH01737,9958050450,P01737
PH01738,6928467200,P00713
PH01739,8293907737,P00906
PH01740,8450380162,P01808
PH01741,8150204502,P00662
PH01742,6435312794,P01917
PH01743,7379531112,P01536
PH01744,8904265274,P00467
PH01745,9625108573,P00290
PH01746,8545146091,P01053
PH01747,8117455537,P01169
PH01748,9272816733,P01393
PH01749,9121575626,P00871
PH01750,6260848187,P00503
PH01751,6990693196,P00771
PH01752,7995167045,P00470
PH01753,8998226731,P00064
PH01754,7438880485,P01891
PH01755,6420259364,P01697
PH01756,7823134275,P00724
PH01757,9672991154,P01526
PH01758,8431834369,P01182
PH01759,6029771150,P00736
PH01760,6792651732,P00802
PH01761,9291087392,P01013
PH01762,7691573767,P00307
PH01763,6529877074,P00219
PH01764,6530445002,P00686
PH01765,9838789034,P00013
PH01766,6295867603,P01274
PH01767,6409346754,P01295
PH01768,7368810138,P01248
PH01769,9210513346,P01328
PH01770,8220138825,P00119
PH01771,7083168163,P01584
PH01772,6389173690,P00818
PH01773,8767200052,P00921
PH01774,6070716348,P00162
PH01775,6895123708,P00722
PH01776,6919445456,P00733
PH01777,7965561927,P01210
PH01778,6377188626,P00846
PH01779,8612667830,P00470
PH01780,9371388740,P00735
PH01781,7346144662,P00325
PH01782,7304117614,P00980
PH01783,6524831968,P00340
PH01784,7647046568,P01468
PH01785,9987036883,P01954
PH01786,8837936315,P00007
PH01787,7291270659,P01151
PH01788,6040629118,P00441
PH01789,7824718301,P00892
PH01790,9960757898,P01071
PH01791,9499799052,P01310
PH01792,7171148656,P01854
PH01793,6898106173,P00704
PH01794,8631631297,P01263
PH01795,8572616949,P01961
PH01796,9881193899,P00808
PH01797,6682013071,P01768
PH01798,9532163361,P00842
PH01799,7179854900,P01598
PH01800,6372954585,P00608
PH01801,8639981274,P01000
PH01802,7922551741,P01999
PH01803,7581476212,P01660
PH01804,9018639945,P01411
PH01805,7845315630,P00505
PH01806,6796859096,P01207
PH01807,8598724089,P01387
PH01808,7177351668,P01210
PH01809,7397367072,P00128
PH01810,7402422241,P00233
PH01811,7063236540,P01373
PH01812,6444248420,P00186
PH01813,8350947651,P00309
PH01814,9156409941,P00228
PH01815,8398913705,P00604
PH01816,7451908261,P00609
PH01817,6035659429,P01331
PH01818,7023766696,P01186
PH01819,7953386194,P01200
PH01820,6839093424,P00183
PH01821,7406628346,P01305
PH01822,8889334375,P00377
PH01823,9694086542,P00199
PH01824,7692855074,P00558
PH01825,6952889594,P00404
PH01826,9039696453,P01753
PH01827,6765047188,P00634
PH01828,6995428873,P00398
PH01829,8966866798,P01865
PH01830,8706170690,P01221
PH01831,8971103847,P00168
PH01832,9756650518,P00199
PH01833,9016744923,P01450
PH01834,7596985045,P00557
PH01835,6566937540,P01513
PH01836,8286178925,P00263
PH01837,6402503857,P01596
PH01838,7648163849,P00846
PH01839,9806358530,P00477
PH01840,6012789695,P01437
PH01841,7048527758,P00165
PH01842,9036562036,P00741
PH01843,8439468963,P00427
PH01844,6233576170,P00456
PH01845,7174457762,P00885
PH01846,7636785089,P01348
PH01847,9747594434,P01796
PH01848,8295377403,P01673
PH01849,9687404207,P00941
PH01850,8149753411,P00831
PH01851,9330990009,P00622
PH01852,6656582344,P01699
PH01853,8653523266,P00680
PH01854,6047091103,P01967
PH01855,8611998996,P01625
PH01856,6181583746,P01660
PH01857,8477618687,P00843
PH01858,8796668290,P01334
PH01859,7565995089,P01475
PH01860,7330292764,P00136
PH01861,8473986221,P01706
PH01862,8131866047,P00496
PH01863,7389147852,P00601
PH01864,8420359441,P00511
PH01865,7387351866,P00035
PH01866,9741313518,P00607
PH01867,6258534658,P01346
PH01868,8398852178,P01625
PH01869,8990984128,P01206
PH01870,8581675923,P01959
PH01871,6934891800,P01074
PH01872,6463429242,P01987
PH01873,8973091218,P00199
PH01874,9341146133,P00616
PH01875,8530153030,P00165
PH01876,8077811096,P01611
PH01877,8557663454,P00712
PH01878,7991269945,P00230
PH01879,9419106166,P00298
PH01880,6008224216,P01377
PH01881,9822175626,P01069
PH01882,9208347910,P01665
PH01883,7257228703,P00023
PH01884,6074859724,P00310
PH01885,9129514520,P01604
PH01886,6286060480,P00653
PH01887,7406547476,P00338
PH01888,8090418985,P01382
PH01889,8301655623,P00861
PH01890,9888765699,P01025
PH01891,6360622901,P01654
PH01892,7860479471,P01986
PH01893,6380351489,P01503
PH01894,8382944191,P01587
PH01895,6534728395,P00508
PH01896,9730953267,P01760
PH01897,8886865629,P00016
PH01898,8822828018,P01775
PH01899,7530688568,P00431
PH01900,9767809645,P01449
PH01901,7744959752,P01596
PH01902,8317555928,P00159
PH01903,9487411486,P01397
PH01904,7675119976,P01365
PH01905,7496551564,P00502
PH01906,9789630093,P01767
PH01907,7016301597,P00695
PH01908,7242284834,P01302
PH01909,7766809846,P01538
PH01910,6180403348,P01307
PH01911,8373586671,P00012
PH01912,8446053926,P01851
PH01913,9746272053,P00080
PH01914,8991192856,P00776
PH01915,7850215538,P00876
PH01916,6775582126,P00479
PH01917,8395678446,P00358
PH01918,6751991981,P00006
PH01919,8512944149,P00902
PH01920,8316498283,P01555
PH01921,8974776565,P01031
PH01922,6705549434,P01164
PH01923,9877156922,P00440
PH01924,8907634153,P01446
PH01925,9710011547,P00710
PH01926,7494314872,P00899
PH01927,8785641354,P00337
PH01928,9416855739,P01294
PH01929,7328555809,P01328
PH01930,8794758166,P01564
PH01931,8136233470,P00088
PH01932,9146971479,P00590
PH01933,7418559508,P00969
PH01934,9456017039,P01425
PH01935,6017590017,P01647
PH01936,9794907869,P01495
PH01937,8516215938,P00348
PH01938,9763536735,P01534
PH01939,8896070722,P01753
PH01940,7413351390,P01065
PH01941,7097427493,P00148
PH01942,7579671480,P00855
PH01943,6073565826,P00388
PH01944,7526379412,P01646
PH01945,9691122321,P01766
PH01946,7526119789,P00517
PH01947,7594657446,P01606
PH01948,7255441181,P01823
PH01949,8136738052,P01587
PH01950,6937684184,P00114
PH01951,6462201483,P01719
PH01952,8401127283,P00393
PH01953,6308764770,P01816
PH01954,6676183762,P01460
PH01955,8076716217,P01476
PH01956,8888680418,P00287
PH01957,7032645649,P00766
PH01958,8199160539,P00849
PH01959,9490970342,P01360
PH01960,6970181589,P00664
PH01961,9829670742,P00194
PH01962,8319362526,P00228
PH01963,7216908875,P01584
PH01964,6293358384,P01578
PH01965,6065735174,P00379
PH01966,8693510214,P00668
PH01967,6283319558,P00092
PH01968,9990359717,P01900
PH01969,6703056870,P01852
PH01970,8124605164,P01780
PH01971,7895337684,P01080
PH01972,9677600643,P00222
PH01973,9317303324,P00607
PH01974,9757451048,P01159
PH01975,6947318156,P00550
PH01976,8427079959,P00041
PH01977,8761110797,P01434
PH01978,9545657289,P00771
PH01979,7269348540,P01573
PH01980,6984685606,P01511
PH01981,7613826870,P00746
PH01982,9777957039,P01247
PH01983,9263779271,P01130
PH01984,6073512896,P01337
PH01985,6682432333,P00336
PH01986,7399344606,P00101
PH01987,6694306952,P01624
PH01988,9865294128,P00376
PH01989,9006448854,P00680
PH01990,8311980425,P01060
PH01991,8280537642,P00693
PH01992,6786887860,P00722
PH01993,6392213170,P01355
PH01994,6958663992,P01797
PH01995,9987287314,P01078
PH01996,8956291796,P01596
PH01997,6603328880,P00606
PH01998,6510287451,P00931
PH01999,6220175454,P00293
PH02000,8879210466,P00134
PH02001,9501526974,P00256
PH02002,6360785483,P00542
PH02003,8872383680,P00398
PH02004,6457923267,P00842
PH02005,8819701501,P00151
PH02006,9972092519,P01131
PH02007,6828523329,P00254
PH02008,6493795829,P00888
PH02009,8855116397,P01813
PH02010,7075741424,P00164
PH02011,9396262591,P01121
PH02012,7124977367,P01030
PH02013,8434354978,P00949
PH02014,9571564380,P00982
PH02015,6348042479,P01663
PH02016,6009409165,P01724
PH02017,9624266225,P00955
PH02018,7036930914,P00512
PH02019,6152731172,P01839
PH02020,9414756900,P01636
PH02021,8293359847,P01267
PH02022,7298359667,P01595
PH02023,6539022624,P01567
PH02024,7650032990,P00920
PH02025,6647614427,P01149
PH02026,7554042316,P01000
PH02027,7067549393,P01237
PH02028,7969045392,P00599
PH02029,8287835733,P01575
PH02030,6330734533,P01651
PH02031,7641224740,P00098
PH02032,8372033505,P01266
PH02033,9023251071,P01825
PH02034,8587094042,P00723
PH02035,8564119925,P00298
PH02036,6253807819,P01621
PH02037,7505349419,P00179
PH02038,9157557166,P01425
PH02039,7824630616,P01587
PH02040,6856352007,P00260
PH02041,6504205986,P00861
PH02042,8697714336,P00995
PH02043,6901014610,P00051
PH02044,7788881893,P01460
PH02045,9163881687,P00075
PH02046,8185690509,P01413
PH02047,9882672800,P00750
PH02048,7720814723,P00947
PH02049,8640783083,P00906
PH02050,9978999514,P00096
PH02051,8983671467,P00687
PH02052,6668867518,P00516
PH02053,9116456059,P00667
PH02054,9343180739,P01584
PH02055,6025856533,P01859
PH02056,9730316787,P01534
PH02057,7615487201,P00209
PH02058,6254550054,P00280
PH02059,6809983976,P01180
PH02060,7887246163,P01261
PH02061,8383000914,P00028
PH02062,7949307417,P00441
PH02063,9546628973,P01984
PH02064,9225275600,P00709
PH02065,7023405677,P00326
PH02066,6251589041,P01701
PH02067,7805166608,P01839
PH02068,7392788447,P01595
PH02069,6986361527,P01267
PH02070,8844420224,P00768
PH02071,7488631373,P01385
PH02072,8503118026,P00915
PH02073,6419396061,P01355
PH02074,9189119925,P00052
PH02075,9924768834,P01690
PH02076,6341413181,P00126
PH02077,6405132517,P00212
PH02078,6447085609,P01743
PH02079,6671487831,P01485
PH02080,6456457227,P00046
PH02081,9940740337,P00646
PH02082,9093391369,P00521
PH02083,7641060326,P00566
PH02084,9531805763,P01512
PH02085,6108965461,P00173
PH02086,7606400474,P00325
PH02087,9794869894,P01898
PH02088,6703610077,P01012
PH02089,6773759493,P00009
PH02090,6781117196,P01612
PH02091,6490214441,P01658
PH02092,8596743338,P01887
PH02093,9552391703,P00593
PH02094,8300499926,P01448
PH02095,8361977317,P01251
PH02096,8624872385,P00429
PH02097,9539276871,P01687
PH02098,6349317967,P00510
PH02099,9055817357,P01870
PH02100,6162506989,P01213
PH02101,8464639897,P00370
PH02102,8557039342,P00033
PH02103,6866925529,P00940
PH02104,6509260001,P01661
PH02105,6015616197,P01561
PH02106,8498121300,P00380
PH02107,7384699086,P01342
PH02108,7310448177,P00944
PH02109,7655619221,P01894
PH02110,7206318641,P01537
PH02111,6302364169,P00950
PH02112,7599167640,P00467
PH02113,7391932528,P01667
PH02114,9712693794,P00291
PH02115,8225296444,P01210
PH02116,8368681114,P01365
PH02117,7306409805,P01559
PH02118,9155590627,P01123
PH02119,6259120463,P01058
PH02120,6626603235,P00926
PH02121,6802955999,P01012
PH02122,9379395795,P01900
PH02123,6924741117,P01519
PH02124,9703862567,P01348
PH02125,6125842330,P01721
PH02126,6563082924,P01585
PH02127,7873210788,P01990
PH02128,7736548522,P00400
PH02129,7019708428,P00006
PH02130,6627963651,P00929
PH02131,8551005108,P00308
PH02132,8842262300,P00221
PH02133,6722350283,P00414
PH02134,7424375391,P00007
PH02135,7809166316,P01961
PH02136,9968740330,P01675
PH02137,8410616649,P00498
PH02138,6844580151,P00920
PH02139,8296280924,P00970
PH02140,8050969961,P00189
PH02141,7152552322,P01456
PH02142,6588377435,P01318
PH02143,6476253950,P01835
PH02144,6152558627,P01536
PH02145,7603174890,P00878
PH02146,6458809718,P01937
PH02147,8229355459,P00854
PH02148,6559675779,P01753
PH02149,6137983045,P01212
PH02150,7745116089,P00926
PH02151,8897015221,P01958
PH02152,7689600834,P01547
PH02153,6289899307,P00907
PH02154,6139979927,P00550
PH02155,8603387885,P00204
PH02156,7858986818,P01760
PH02157,8397630900,P01539
PH02158,9949994457,P00929
PH02159,8441076926,P01365
PH02160,8434759160,P00262
PH02161,8359839859,P01869
PH02162,9996585783,P01476
PH02163,9568167843,P01837
PH02164,6730717761,P01983
PH02165,7500788369,P01755
PH02166,7385403369,P00307
PH02167,8285023126,P01176
PH02168,7735514972,P00618
PH02169,6322347714,P00514
PH02170,8093555570,P00837
PH02171,7006174136,P01820
PH02172,8594761218,P01948
PH02173,6270650761,P01127
PH02174,7283056446,P01806
PH02175,8304555595,P01115
PH02176,9356077789,P00099
PH02177,8332763990,P01597
PH02178,9008236962,P00515
PH02179,9902220975,P01892
PH02180,6617906701,P01894
PH02181,6200393449,P01910
PH02182,9972162183,P00065
PH02183,7919296921,P01369
PH02184,8307122600,P00006
PH02185,7283774270,P01787
PH02186,8788728206,P00619
PH02187,7801269804,P00382
PH02188,9589524760,P00506
PH02189,9064724525,P01685
PH02190,9874778840,P00913
PH02191,8657770612,P00870
PH02192,9284268092,P01803
PH02193,7616417005,P01020
PH02194,9186056688,P00387
PH02195,7166479512,P00022
PH02196,7124285354,P00922
PH02197,9019919848,P00164
PH02198,9017086715,P00042
PH02199,9710740433,P00334
PH02200,8796724610,P00839
PH02201,6109007017,P00645
PH02202,8020502549,P01110
PH02203,7920102975,P00936
PH02204,9475396597,P01802
PH02205,8252694204,P01492
PH02206,8153740513,P00164
PH02207,7766997681,P00467
PH02208,9085571749,P01482
PH02209,8849688144,P01311
PH02210,6803586240,P01177
PH02211,9445099986,P01345
PH02212,8535279111,P00413
PH02213,6851846689,P00179
PH02214,8932135961,P01107
PH02215,7073480022,P00993
PH02216,9425972055,P01310
PH02217,7987819214,P00581
PH02218,8984746042,P00930
PH02219,9178472146,P01167
PH02220,7758045292,P00157
PH02221,9988979887,P00837
PH02222,8445847413,P01878
PH02223,6929360596,P00545
PH02224,9519346389,P00357
PH02225,7484479365,P00055
PH02226,6568622307,P00800
PH02227,9594805316,P00057
PH02228,7743303727,P00068
PH02229,9244756311,P00135
PH02230,6380782878,P00253
PH02231,6661545985,P01511
PH02232,9356541802,P01022
PH02233,7521288669,P01255
PH02234,8946998428,P00082
PH02235,7847052031,P00996
PH02236,7988712320,P01336
PH02237,9686427786,P00410
PH02238,8272876032,P00264
PH02239,9783471062,P00014
PH02240,7345573562,P01329
PH02241,7770045358,P00381
PH02242,9302732285,P00705
PH02243,9042402555,P01627
PH02244,9893977041,P00569
PH02245,9881596467,P00201
PH02246,9569044846,P00457
PH02247,7322912489,P00991
PH02248,9700623945,P00651
PH02249,8264076089,P01164
PH02250,6120339801,P00635
PH02251,9162833568,P00471
PH02252,8810801533,P01247
PH02253,7567027728,P00904
PH02254,6565969579,P01526
PH02255,8575959955,P01332
PH02256,8536291714,P00052
PH02257,8183952525,P01023
PH02258,6788216511,P00280
PH02259,7145744520,P01219
PH02260,6276947308,P01601
PH02261,7403532124,P01456
PH02262,8029363409,P01752
PH02263,7180525795,P00490
PH02264,6047941232,P01165
PH02265,9018911343,P00639
PH02266,8713399627,P00513
PH02267,9127342112,P00845
PH02268,7913813014,P00054
PH02269,8802989088,P01183
PH02270,6966452319,P01288
PH02271,6821335683,P00207
PH02272,7366704171,P00186
PH02273,7891918740,P00023
PH02274,6133203449,P00631
PH02275,6714876507,P00728
PH02276,7572316316,P00897
PH02277,7781105703,P00054
PH02278,9306670059,P01514
PH02279,9966932337,P01213
PH02280,9158009714,P00117
PH02281,9332343065,P01310
PH02282,9448883923,P01774
PH02283,6972285825,P00926
PH02284,8455139196,P01099
PH02285,7482367883,P01556
PH02286,9369323800,P01096
PH02287,7647584664,P00504
PH02288,9416371206,P01030
PH02289,9552977601,P00448
PH02290,8081144157,P00509
PH02291,6436116861,P00349
PH02292,9036118926,P00199
PH02293,6555465426,P01493
PH02294,7684377140,P00994
PH02295,8545956600,P00393
PH02296,6119622723,P00452
PH02297,9974217368,P01936
PH02298,8095709340,P00454
PH02299,6650811364,P01555
PH02300,6348484377,P01708
PH02301,9279595142,P00066
PH02302,8449669542,P01187
PH02303,9562752800,P01664
PH02304,6734479459,P00215
PH02305,8163832648,P00362
PH02306,6001707812,P01210
PH02307,8576130494,P01363
PH02308,6423552833,P01117
PH02309,9567981302,P00956
PH02310,8647711588,P00817
PH02311,6870894107,P00252
PH02312,6161146446,P01449
PH02313,6198309754,P01424
PH02314,8738852377,P00336
PH02315,9700788125,P01940
PH02316,8121808226,P00473
PH02317,6966602865,P00955
PH02318,7839571646,P01814
PH02319,7100370907,P01510
PH02320,7780886693,P00091
PH02321,9098348492,P00322
PH02322,9748762965,P01342
PH02323,9445657267,P00117
PH02324,8198281794,P00776
PH02325,8003452202,P00989
PH02326,7693032645,P00865
PH02327,8733090740,P00335
PH02328,7516852247,P01460
PH02329,9512583799,P00784
PH02330,6536693327,P01966
PH02331,7422856283,P00860
PH02332,7722593103,P00920
PH02333,9008942340,P01614
PH02334,9043333188,P00404
PH02335,8561257804,P00416
PH02336,9198517696,P00920
PH02337,9455442157,P01079
PH02338,7792640532,P01329
PH02339,9396885934,P01257
PH02340,7883903979,P01445
PH02341,9833150321,P01814
PH02342,8965510250,P01187
PH02343,9860673476,P00778
PH02344,8998632895,P00931
PH02345,6038524276,P01443
PH02346,6559637439,P00330
PH02347,9399495940,P01351
PH02348,8546565317,P00397
PH02349,9300210273,P00115
PH02350,9325673223,P00748
PH02351,9493916601,P00560
PH02352,6904886607,P01159
PH02353,7644789378,P00410
PH02354,8417609093,P00705
PH02355,9458104573,P00983
PH02356,9694473387,P01430
PH02357,6528905665,P01528
PH02358,6837847719,P01829
PH02359,7743450968,P01054
PH02360,7806250230,P00626
PH02361,9469243435,P01018
PH02362,9952121560,P00491
PH02363,9108803546,P01642
PH02364,9604903764,P01241
PH02365,9691161221,P00869
PH02366,6396558681,P01620
PH02367,6041589333,P01275
PH02368,9601385500,P00736
PH02369,8738010124,P00327
PH02370,9181580619,P01616
PH02371,6365055191,P00578
PH02372,7968718671,P01341
PH02373,6492932850,P00955
PH02374,6961293321,P00971
PH02375,8952209400,P01518
PH02376,7717758856,P01885
PH02377,9480661126,P00302
PH02378,7030695165,P01570
PH02379,6211860181,P00971
PH02380,7399330255,P01791
PH02381,9920623145,P01167
PH02382,6096196804,P01201
PH02383,8211203608,P00709
PH02384,8180446081,P00236
PH02385,9140834695,P01380
PH02386,8060958062,P00516
PH02387,9456698398,P01382
PH02388,8907429414,P01823
PH02389,6495776253,P00279
PH02390,8766919530,P01346
PH02391,8728617468,P00189
PH02392,6262976116,P00629
PH02393,9603498246,P00760
PH02394,9701656277,P01748
PH02395,8021572312,P01640
PH02396,8235256008,P00634
PH02397,8961721505,P00631
PH02398,6535313184,P01538
PH02399,9059934232,P00734
PH02400,6091294431,P00246
PH02401,8140878343,P01579
PH02402,9798240211,P01359
PH02403,7313799818,P00844
PH02404,6096242657,P00210
PH02405,9355877452,P01035
PH02406,8888237254,P00822
PH02407,7253511788,P00578
PH02408,6503455388,P01509
PH02409,9204767666,P00367
PH02410,7887458712,P01415
PH02411,9531368593,P00109
PH02412,7621074144,P00199
PH02413,6061445299,P00434
PH02414,8574433199,P00751
PH02415,6153334972,P01697
PH02416,9010034344,P01241
PH02417,9585861888,P01200
PH02418,9860215992,P00182
PH02419,8376382749,P00991
PH02420,7312223954,P01731
PH02421,9047314836,P01113
PH02422,8777407036,P01111
PH02423,8600762282,P00757
PH02424,7821938682,P00231
PH02425,8726439330,P00950
PH02426,8969206660,P01806
PH02427,8312344358,P01769
PH02428,8981184651,P01618
PH02429,8210637817,P00301
PH02430,6483648116,P01509
PH02431,8585942193,P01447
PH02432,7136365972,P00992
PH02433,9687775935,P00968
PH02434,9134174919,P01569
PH02435,6884267233,P00686
PH02436,6761500111,P01214
PH02437,6548044236,P00441
PH02438,9921499010,P01943
PH02439,9164790499,P01723
PH02440,8738067996,P01909
PH02441,7672096102,P00914
PH02442,9264320586,P01517
PH02443,9245971557,P01133
PH02444,7770115491,P01234
PH02445,9732609685,P01660
PH02446,9108597358,P00798
PH02447,9943364470,P00745
PH02448,7276765964,P00329
PH02449,9669494715,P01466
PH02450,7474502405,P00698
PH02451,9290848965,P00471
PH02452,8503754807,P01752
PH02453,8383385693,P01045
PH02454,6369648040,P00367
PH02455,9304150632,P00939
PH02456,8051026583,P01616
PH02457,9963346746,P01735
PH02458,9603327399,P00523
PH02459,6592094101,P00938
PH02460,9607819516,P00045
PH02461,8977973833,P00586
PH02462,6614435754,P01721
PH02463,9893505260,P01409
PH02464,9068756707,P00365
PH02465,6292361391,P00168
PH02466,9745998413,P00247
PH02467,7768705807,P01813
PH02468,6651064070,P01156
PH02469,7847848303,P01929
PH02470,8736540449,P00498
PH02471,7809031788,P00251
PH02472,9431678598,P00477
PH02473,8408895930,P01653
PH02474,7075605269,P00394
PH02475,6152302999,P01247
PH02476,7309235654,P00789
PH02477,7079915402,P01936
PH02478,7201295318,P01362
PH02479,8004231820,P01953
PH02480,9820481093,P01510
PH02481,6548473857,P01814
PH02482,9973982455,P01509
PH02483,6518272382,P00463
PH02484,8295185255,P00863
PH02485,9881559030,P01291
PH02486,6969544876,P01870
PH02487,8048849150,P00200
PH02488,7446403507,P01015
PH02489,9955593558,P01861
PH02490,6822775477,P01016
PH02491,9459254123,P01253
PH02492,7493797900,P01024
PH02493,8559484967,P00978
PH02494,6662395671,P01785
PH02495,8935027674,P00301
PH02496,6641227276,P01245
PH02497,6451341700,P00711
PH02498,8583455955,P00670
PH02499,7168335766,P01840
PH02500,8049108604,P01012
PH02501,9155785219,P00397
PH02502,7368609316,P00903
PH02503,8010558391,P00070
PH02504,8320264009,P00183
PH02505,7396379020,P01414
PH02506,7887821889,P01329
PH02507,8478167663,P00417
PH02508,8208348124,P01492
PH02509,9647426440,P00366
PH02510,7279663795,P00503
PH02511,9744992468,P01033
PH02512,6446939953,P00879
PH02513,8566423940,P00181
PH02514,9908964966,P01880
PH02515,6182292324,P00825
PH02516,9220373378,P00755
PH02517,6613867485,P01540
PH02518,7045596576,P00983
PH02519,8786800551,P01302
PH02520,7676449436,P01696
PH02521,7705614653,P01825
PH02522,8200421867,P01761
PH02523,6520351919,P00489
PH02524,8056513358,P01941
PH02525,6432298766,P00627
PH02526,7279042338,P01419
PH02527,9089170052,P00189
PH02528,6845749659,P00246
PH02529,8270259961,P01197
PH02530,8358304077,P01913
PH02531,8130610922,P01458
PH02532,9453714732,P00210
PH02533,7192743126,P00087
PH02534,8602336165,P00839
PH02535,6624755526,P00672
PH02536,7036702751,P00904
PH02537,8687069057,P00015
PH02538,6218167932,P01912
PH02539,8393305484,P01943
PH02540,8165707943,P01463
PH02541,6830242646,P00284
PH02542,8519020411,P01495
PH02543,8880510933,P00635
PH02544,8336330575,P00558
PH02545,7700984164,P01396
PH02546,9021704701,P00458
PH02547,8928339717,P01634
PH02548,8681769750,P01283
PH02549,6739301055,P00701
PH02550,6698331793,P01778
PH02551,9470894406,P01992
PH02552,8525935707,P00693
PH02553,9509462078,P01700
PH02554,8622719260,P01756
PH02555,9118680109,P01515
PH02556,7609194908,P01766
PH02557,9003276280,P00134
PH02558,9777014972,P00683
PH02559,7119569646,P01391
PH02560,9735956919,P00056
PH02561,7051356397,P01631
PH02562,7500751674,P01586
PH02563,9735818217,P01753
PH02564,8874779359,P01448
PH02565,8843835699,P01851
PH02566,6252019306,P01181
PH02567,9912671919,P01777
PH02568,7353031387,P00829
PH02569,6568287533,P01113
PH02570,8262029487,P00649
PH02571,6128269934,P00496
PH02572,6739222931,P01488
PH02573,9865039475,P00868
PH02574,6557779174,P01667
PH02575,7434535381,P00403
PH02576,8750927209,P00138
PH02577,6369575629,P00534
PH02578,7916867088,P00502
PH02579,6694394410,P00618
PH02580,6042797493,P01564
PH02581,7101818896,P00690
PH02582,6329357538,P01221
PH02583,6115703475,P00601
PH02584,6642624554,P00777
PH02585,7021354692,P00820
PH02586,7940717343,P00281
PH02587,9095470060,P00542
PH02588,7981079516,P01584
PH02589,7141202241,P00374
PH02590,9168095641,P00965
PH02591,8413336650,P01054
PH02592,8915658179,P00274
PH02593,8782905249,P00192
PH02594,6911429994,P00349
PH02595,8140138569,P01001
PH02596,6426520120,P01161
PH02597,8020984469,P00208
PH02598,9659481827,P01960
PH02599,6367591644,P00367
PH02600,6532180113,P01385
PH02601,8231568234,P00122
PH02602,8022462671,P00359
PH02603,7025342386,P01258
PH02604,6776042939,P00869
PH02605,9667408772,P01497
PH02606,9524003305,P00150
PH02607,6972472542,P01704
PH02608,8168939276,P00855
PH02609,7985238182,P01500
PH02610,7632786807,P01584
PH02611,6423573189,P01765
PH02612,7116992135,P01205
PH02613,9050707750,P00487
PH02614,8949996357,P01442
PH02615,9621380595,P00744
PH02616,8845422595,P00145
PH02617,7305915419,P00665
PH02618,8110967451,P00814
PH02619,9365905041,P01342
PH02620,9223426787,P00973
PH02621,6323812817,P01733
PH02622,7547521127,P00125
PH02623,9373114933,P01495
PH02624,6088623065,P01982
PH02625,8003818036,P01556
PH02626,8100218241,P00584
PH02627,6817028461,P01411
PH02628,9873214999,P00839
PH02629,6320434743,P00945
PH02630,8421065100,P01443
PH02631,9010413135,P00576
PH02632,9942072239,P00725
PH02633,9721761898,P01919
PH02634,9877677513,P01879
PH02635,9123981893,P00993
PH02636,7048730451,P01229
PH02637,8586817341,P01174
PH02638,6796403157,P01075
PH02639,8939185362,P01603
PH02640,8493392719,P00065
PH02641,6638567020,P00620
PH02642,6537842055,P01472
PH02643,8535440789,P01362
PH02644,9788892210,P01353
PH02645,9204094711,P01475
PH02646,8617578041,P01558
PH02647,6486671864,P01882
PH02648,7624470498,P01899
PH02649,6101877033,P00816
PH02650,9044307324,P00308
PH02651,9899749030,P01675
PH02652,7817799899,P00510
PH02653,9924704811,P00279
PH02654,7018643231,P01853
PH02655,8651812759,P01623
PH02656,9003437432,P00162
PH02657,9740536251,P00700
PH02658,7311541119,P01746
PH02659,6206071369,P01666
PH02660,6522144267,P00403
PH02661,7538425611,P01305
PH02662,6599944261,P01658
PH02663,8537582682,P01065
PH02664,8081499402,P01437
PH02665,7358593580,P01590
PH02666,8288050750,P01385
PH02667,6973544252,P01741
PH02668,9777444964,P00550
PH02669,7046400606,P01582
PH02670,7648627553,P01135
PH02671,7854609121,P00986
PH02672,8072545396,P00047
PH02673,9099324707,P00086
PH02674,9251743160,P01127
PH02675,8039439884,P00430
PH02676,7789523617,P01892
PH02677,8964549595,P01183
PH02678,6273174271,P01680
PH02679,7240239362,P01054
PH02680,6764040465,P00941
PH02681,6128638110,P01325
PH02682,7289207459,P00693
PH02683,7767742393,P00705
PH02684,8337327839,P00625
PH02685,7151002607,P00825
PH02686,7143486965,P00869
PH02687,9155731052,P00429
PH02688,7187309507,P00010
PH02689,7773129734,P01242
PH02690,8850275908,P01879
PH02691,6090722087,P00291
PH02692,7189452395,P00168
PH02693,6233159987,P01139
PH02694,6757903230,P01889
PH02695,6609417502,P01634
PH02696,8130078867,P01907
PH02697,9558509591,P01298
PH02698,6497236694,P00595
PH02699,7728651814,P01352
PH02700,7043845046,P01526
PH02701,9643493941,P00286
PH02702,9740788698,P00841
PH02703,8857491106,P01467
PH02704,9726418793,P01289
PH02705,9895377012,P01303
PH02706,7164598243,P00547
PH02707,9804704079,P01973
PH02708,8187569269,P00396
PH02709,6327357125,P00272
PH02710,9212300857,P00765
PH02711,8915324256,P01316
PH02712,6980578369,P00748
PH02713,7034136532,P00090
PH02714,8684997707,P01177
PH02715,9007461433,P01595
PH02716,6049174436,P01739
PH02717,6638762157,P01118
PH02718,8054586618,P01414
PH02719,9414278531,P00291
PH02720,9263492122,P00490
PH02721,7998215900,P00405
PH02722,6320448456,P00913
PH02723,9154176604,P00896
PH02724,7911645767,P00619
PH02725,9657666476,P01834
PH02726,8208529645,P00092
PH02727,7175049988,P01756
PH02728,7988727544,P00982
PH02729,6618506929,P00276
PH02730,9386400672,P01651
PH02731,9390321430,P00598
PH02732,7933011184,P00383
PH02733,9548855875,P01333
PH02734,8529615143,P00734
PH02735,9457835179,P00811
PH02736,7871355669,P01754
PH02737,7389586417,P00855
PH02738,7560199916,P01304
PH02739,9947629368,P00250
PH02740,9851797367,P00557
PH02741,6102719095,P01129
PH02742,7038721215,P01708
PH02743,6456244622,P01272
PH02744,9566339350,P00069
PH02745,8326253814,P01039
PH02746,6755984142,P00030
PH02747,8843507450,P00121
PH02748,7328099970,P01514
PH02749,8043109077,P00272
PH02750,7353277376,P00190
PH02751,8761727573,P00701
PH02752,8814712666,P00667
PH02753,7939294270,P00205
PH02754,6501343390,P01658
PH02755,9989582477,P00863
PH02756,6299037191,P00372
PH02757,9593955714,P00288
PH02758,6162206591,P01597
PH02759,8436436444,P00089
PH02760,7969142200,P00415
PH02761,7276835278,P00918
PH02762,9857109338,P00092
PH02763,7000900632,P01496
PH02764,9775465861,P00677
PH02765,8703446332,P00947
PH02766,9568415463,P01422
PH02767,9573518517,P00657
PH02768,9595965600,P00777
PH02769,7375229648,P01564
PH02770,7109222514,P00502
PH02771,9953723766,P00669
PH02772,6426430297,P00089
PH02773,6372298210,P00090
PH02774,7524392295,P01237
PH02775,8962840769,P00065
PH02776,7908783476,P01614
PH02777,6078244666,P00906
PH02778,8836094386,P00743
PH02779,8085592562,P01005
PH02780,7669232572,P01140
PH02781,8689270472,P00966
PH02782,7446661051,P00380
PH02783,8961806862,P01871
PH02784,9887924494,P00997
PH02785,7951869561,P01773
PH02786,8408833183,P00452
PH02787,6693476912,P01088
PH02788,7779398012,P01288
PH02789,6163185200,P00314
PH02790,7915231336,P01252
PH02791,7140982127,P01272
PH02792,7189672012,P00089
PH02793,6317756900,P01242
PH02794,6917653244,P01395
PH02795,8387151547,P01056
PH02796,6170870272,P00596
PH02797,7040093808,P01063
PH02798,7491232160,P01861
PH02799,7241832527,P00052
PH02800,8202131167,P00756
PH02801,6824560943,P01467
PH02802,8494158744,P01519
PH02803,8185079722,P01651
