vehicle_id,registration_number,person_id
V00001,PB53BN6733,P01782
V00002,TS23HF9812,P00672
V00003,WB57EU8625,P00519
V00004,KA76NP8785,P00926
V00005,PB15FG4083,P01690
V00006,GJ81ET8313,P01057
V00007,MH80YU8535,P00052
V00008,PB49RF1883,P00679
V00009,KA85CZ9098,P00919
V00010,MH79NH3359,P00987
V00011,GJ85WT5127,P01584
V00012,TS25DF5702,P01264
V00013,PB94YT7337,P01614
V00014,MH93JH7536,P00820
V00015,PB82LR1318,P00557
V00016,DL76MH6348,P00837
V00017,KA39CN5208,P00345
V00018,DL88PH6015,P00780
V00019,DL11XX9928,P01668
V00020,WB97US7462,P00052
V00021,UP63HT2395,P00327
V00022,MH51RY3510,P01735
V00023,UP27YX5410,P01012
V00024,RJ52CN1855,P00776
V00025,DL92WK1758,P01736
V00026,TS51CU6743,P00890
V00027,MH10VR5793,P00811
V00028,WB26JS4800,P00587
V00029,TS94CC6070,P00732
V00030,GJ49LH4490,P00587
V00031,PB51PU3494,P01887
V00032,MH23HS6564,P01200
V00033,UP65JP9646,P01786
V00034,TN76AY9316,P01467
V00035,WB95EE9911,P01837
V00036,TN75RK4105,P00277
V00037,GJ31WV9308,P01287
V00038,WB86VL6390,P00165
V00039,TN14NS5468,P01499
V00040,MH11XA7396,P00937
V00041,TN69YD2154,P01902
V00042,KA14XD2096,P01504
V00043,GJ97ZE9555,P00368
V00044,MH54MZ7409,P00550
V00045,PB84WA4793,P01163
V00046,RJ11ZZ8840,P01485
V00047,MH48VE3844,P00186
V00048,WB62CX3639,P00195
V00049,PB84RY6714,P01824
V00050,WB42RX1999,P00868
V00051,UP36MV5745,P00535
V00052,KA95MD3152,P01392
V00053,DL26AT7663,P01253
V00054,WB99LA1224,P00946
V00055,DL88KG1062,P00727
V00056,UP48QC7561,P00422
V00057,TN43DL2752,P01685
V00058,GJ22YE6037,P01637
V00059,TS64AD4056,P00929
V00060,UP33QA2681,P00972
V00061,MH31XJ1151,P00255
V00062,GJ40YL7923,P01098
V00063,UP68UM6586,P00311
V00064,PB22BB7576,P00264
V00065,PB18PV8046,P00950
V00066,MH78GE4774,P01085
V00067,UP26MA9972,P00382
V00068,TN14BC8683,P00091
V00069,RJ61KB1199,P00487
V00070,UP21NB7157,P00054
V00071,KA62CF5153,P00510
V00072,TS67KU6670,P00828
V00073,UP82PS3704,P00951
V00074,TS42RB8265,P00271
V00075,TN65FL9063,P01169
V00076,PB64SP3151,P01706
V00077,WB94LA7198,P00957
V00078,UP26HN1129,P01040
V00079,WB31GG2341,P01188
V00080,PB76PE8866,P01412
V00081,MH27TR5172,P01941
V00082,UP84YF9829,P01415
V00083,TS23GC8516,P01748
V00084,PB99DE4938,P00123
V00085,WB54GG6782,P00204
V00086,TN84NY5834,P01656
V00087,UP49WP9046,P00203
V00088,PB46QD5978,P01860
V00089,TS94XV7098,P00179
V00090,GJ24WR3761,P00523
V00091,MH50HU5125,P00904
V00092,KA91GC4709,P00448
V00093,TS58DK4541,P00568
V00094,WB64KT7273,P00981
V00095,DL53GU7105,P01430
V00096,TS99AG4420,P00502
V00097,DL58AK7332,P00327
V00098,MH90RB6586,P01698
V00099,DL45ER6178,P00719
V00100,KA61HM5275,P00106
V00101,WB73AC5068,P00808
V00102,KA43VH9845,P01254
V00103,TN99LQ2417,P00734
V00104,GJ62YU2305,P01653
V00105,PB80EL1942,P00511
V00106,DL61DR2261,P00427
V00107,RJ24JR2769,P00168
V00108,WB59HZ1245,P00827
V00109,MH62XY8124,P01287
V00110,TS22FD3108,P01724
V00111,UP76QJ7847,P01272
V00112,UP40LD7222,P00159
V00113,TS46PY2898,P00156
V00114,KA60GG4146,P00074
V00115,MH65WM9527,P01291
V00116,KA81HA1105,P01151
V00117,TN59HK9697,P00162
V00118,GJ84ML7912,P01856
V00119,DL65XT2323,P00522
V00120,PB15YT3072,P00125
V00121,MH35ZW1205,P01109
V00122,KA97QG8039,P01630
V00123,TS93NL7772,P00932
V00124,WB61UN6782,P01536
V00125,KA14UL3518,P00319
V00126,WB10WK5707,P00832
V00127,WB58QB2831,P01392
V00128,KA95VV9246,P01416
V00129,WB79KV2180,P00796
V00130,WB76KU2031,P01768
V00131,TN24NS7214,P00038
V00132,KA55QH5499,P01209
V00133,UP53AG1669,P01034
V00134,UP89EJ5413,P01626
V00135,PB17AV2072,P01860
V00136,TN30FC5944,P00391
V00137,KA36XA8720,P00542
V00138,UP69KY6756,P00369
V00139,MH25BX8616,P01297
V00140,PB90BE7103,P01805
V00141,TS99XM8494,P01252
V00142,UP17KN7704,P00874
V00143,GJ47VH3201,P00705
V00144,GJ49UV9376,P00956
V00145,KA73WA2211,P01397
V00146,PB69ZF4666,P01736
V00147,UP97LS8470,P01125
V00148,UP16NP7705,P00705
V00149,KA43ST6906,P01956
V00150,MH41KP8006,P01631
V00151,RJ36AJ1868,P01831
V00152,MH16VM4462,P00740
V00153,GJ70GR4069,P01208
V00154,KA62SR7310,P00143
V00155,KA75TJ5451,P00210
V00156,KA57HW4788,P00828
V00157,KA80PV1379,P01435
V00158,UP73RL9108,P01060
V00159,RJ35MU5431,P01562
V00160,TN62HJ3854,P00996
V00161,WB39MR6058,P01555
V00162,GJ29BP7682,P00675
V00163,RJ38LY7228,P00636
V00164,KA77US1758,P01521
V00165,DL73YN7395,P01889
V00166,GJ64WR3041,P00630
V00167,TS12WZ8184,P01773
V00168,WB83EL8370,P01838
V00169,RJ69WN7237,P01687
V00170,MH14AF8346,P00410
V00171,DL40QE7875,P01503
V00172,DL27LL6579,P00929
V00173,PB27ME5035,P00517
V00174,MH33YC2975,P01205
V00175,MH61KG7998,P01247
V00176,RJ68ZU5667,P00502
V00177,RJ94QK3661,P01330
V00178,MH54BG2683,P01118
V00179,KA71HN3863,P00206
V00180,DL98PZ8853,P01426
V00181,RJ20AS7497,P00776
V00182,PB45QV5054,P01833
V00183,MH26TG3299,P01781
V00184,UP23YR9590,P01162
V00185,WB96FR9423,P00858
V00186,PB10WG1499,P01267
V00187,TN54DF8238,P01606
V00188,PB23ZP8513,P00183
V00189,DL41RB2677,P01000
V00190,DL22AY8277,P00398
V00191,WB54FR9423,P00502
V00192,DL28QZ2036,P00006
V00193,TS95SY9773,P00402
V00194,PB96TQ8608,P01091
V00195,PB44DM7337,P00941
V00196,RJ97ZX9480,P00047
V00197,GJ80KQ7672,P00243
V00198,PB83NQ3710,P01498
V00199,TS35KN2193,P01383
V00200,UP82DR8809,P00167
V00201,KA17GR9755,P00860
V00202,DL25TV5835,P00895
V00203,RJ19QU4271,P01049
V00204,GJ75JT8971,P01925
V00205,GJ41TF5423,P00767
V00206,UP66CW7734,P01065
V00207,WB18HC3678,P00959
V00208,RJ37CL3094,P01584
V00209,UP21MV1013,P00547
V00210,TS61WD3298,P01186
V00211,DL51YD7336,P00418
V00212,TN53CX3643,P01591
V00213,WB99SU2216,P00383
V00214,MH74VS2357,P01491
V00215,PB22DY6346,P01212
V00216,UP67EJ9640,P01478
V00217,TN40BY7708,P00929
V00218,TN18NR2889,P00244
V00219,PB77TV2676,P01902
V00220,PB90UR7398,P01059
V00221,RJ75VV9114,P01558
V00222,TN35RE6075,P01384
V00223,TS65ZQ6512,P00245
V00224,WB63HQ2647,P00033
V00225,UP97UQ4126,P00401
V00226,WB63CG1149,P01061
V00227,KA47RC7130,P01680
V00228,WB36BZ8456,P00888
V00229,KA25SQ2740,P00744
V00230,TS47LW8975,P01632
V00231,UP43SH8725,P00569
V00232,TS56HD3133,P00372
V00233,TN62WV3749,P01837
V00234,PB72SH8255,P01554
V00235,DL26JR2956,P01841
V00236,DL16HS4962,P01294
V00237,TS38CC3570,P01179
V00238,RJ87QW5157,P01661
V00239,WB32RW8014,P01331
V00240,GJ58XF5976,P00293
V00241,KA35RP7591,P00432
V00242,UP79ZH2452,P00440
V00243,GJ63RD3324,P01265
V00244,RJ78PT5104,P01750
V00245,TS35TG8018,P01479
V00246,TN95MX6101,P01400
V00247,UP29QH6924,P00505
V00248,DL63ND5548,P01126
V00249,RJ99DA9439,P01474
V00250,KA89PS3428,P01237
V00251,TN93MV1986,P01175
V00252,RJ29DL6634,P00741
V00253,KA99LE7124,P01729
V00254,UP75MW9361,P00253
V00255,DL28XK1974,P00280
V00256,TS74DJ1362,P01564
V00257,TN89ZB9768,P00920
V00258,DL39GD3525,P01337
V00259,WB63YT1059,P01175
V00260,TS93JS4878,P00819
V00261,WB83KM6716,P01778
V00262,MH20YX8562,P00326
V00263,UP55GU9664,P01421
V00264,RJ43ZL9155,P00420
V00265,GJ44DJ3273,P01066
V00266,TN94AD2321,P00035
V00267,KA84AB4031,P01450
V00268,DL13QU7831,P01303
V00269,TS58NV1019,P01968
V00270,MH52DA4211,P00363
V00271,UP30DF6818,P00258
V00272,WB55FZ1429,P01828
V00273,KA85SC4547,P00662
V00274,KA80WH5029,P01034
V00275,KA79ZL6222,P01348
V00276,RJ81PR7346,P01421
V00277,MH30HM9510,P01827
V00278,GJ10BB1085,P00041
V00279,GJ76GM3358,P01419
V00280,DL92LB8485,P00826
V00281,KA99ZZ4480,P01476
V00282,WB71BZ2832,P01159
V00283,GJ50BU3246,P01198
V00284,MH61YM2609,P00694
V00285,RJ14DW3493,P01389
V00286,TN10ZD3373,P01865
V00287,GJ91QP5358,P00260
V00288,PB50KR7764,P00977
V00289,PB29EK8438,P01080
V00290,KA31DZ4855,P01369
V00291,WB79SA9182,P00795
V00292,KA85ZE8829,P00002
V00293,WB38WN7489,P00204
V00294,DL24EG8570,P01886
V00295,PB29SC5347,P01374
V00296,UP16EF9401,P00390
V00297,WB75QJ8448,P00582
V00298,TN25WE5746,P00033
V00299,TS78JF9645,P01904
V00300,UP40HM2275,P00162
V00301,UP93FR1143,P00308
V00302,WB31SM3865,P00434
V00303,TN63HY4501,P00334
V00304,DL19VJ8886,P00065
V00305,DL73EX4897,P01785
V00306,GJ38WC1272,P01805
V00307,DL98YW1690,P00906
V00308,GJ29HR9285,P00737
V00309,GJ69DF4560,P01302
V00310,MH19PR6026,P01865
V00311,TS14ED3092,P01972
V00312,GJ61HF8165,P00893
V00313,TS85MS5712,P01022
V00314,KA76YN5868,P01378
V00315,GJ44DE7368,P00832
V00316,MH53UP9287,P01287
V00317,KA77EH4605,P00127
V00318,RJ73HP5833,P01496
V00319,TS36LY5258,P00776
V00320,DL70WZ6623,P01648
V00321,WB70VL9168,P01298
V00322,MH58NS7191,P00744
V00323,MH86NW6799,P01765
V00324,MH71MN7868,P00414
V00325,GJ32HG9752,P01104
V00326,DL15XC8652,P01141
V00327,WB78AY5482,P01210
V00328,WB63XP1868,P00430
V00329,GJ99FG1409,P00301
V00330,WB57RT2415,P00954
V00331,TN61GE6657,P00226
V00332,TN94PQ6070,P00899
V00333,MH93EG8640,P00719
V00334,GJ96DV1665,P01993
V00335,KA45JW7636,P00244
V00336,TN21PY9165,P00535
V00337,RJ45SV6857,P01555
V00338,UP39UN1715,P01568
V00339,UP35ZD9407,P00267
V00340,DL23TD5887,P01033
V00341,WB14PD8179,P01156
V00342,GJ41JX5600,P00050
V00343,MH77TF6084,P00929
V00344,PB26WE3692,P01226
V00345,RJ78GA2365,P00880
V00346,PB32XF4310,P01448
V00347,PB79VY2020,P01487
V00348,UP55MH3655,P00947
V00349,RJ70BM7100,P01320
V00350,MH36QC9771,P00150
V00351,PB58EK8747,P00845
V00352,WB85AL4282,P00525
V00353,PB93RM8189,P00492
V00354,WB19BD6843,P01138
V00355,TN53MM5118,P00660
V00356,GJ27GF2138,P00900
V00357,DL45YX1214,P00201
V00358,UP92NJ4110,P01432
V00359,RJ19PC9163,P00031
V00360,KA86RF9188,P01842
V00361,MH27UJ6883,P01779
V00362,TN65UZ8693,P00335
V00363,DL43EJ6052,P01035
V00364,PB42DZ8408,P00718
V00365,RJ30GB7448,P00134
V00366,KA92PU5624,P00542
V00367,GJ54MC8617,P01487
V00368,RJ27HK3196,P01347
V00369,UP28GT3532,P00658
V00370,WB80JP7236,P01639
V00371,TS71YP9195,P01568
V00372,UP70JW3512,P01279
V00373,WB88JG8864,P01811
V00374,WB82WD9717,P00127
V00375,UP10SJ5509,P00973
V00376,GJ90FR4691,P01086
V00377,KA43TT7659,P00376
V00378,PB28FD7693,P01712
V00379,PB39HR6888,P01327
V00380,TS61CJ4334,P00334
V00381,GJ86ZV7076,P00430
V00382,GJ75TX3525,P00570
V00383,PB97CV5352,P01252
V00384,DL31FU6281,P01480
V00385,RJ12HJ4148,P02000
V00386,DL85FN6056,P01233
V00387,PB31TU9262,P00317
V00388,DL68JK5339,P00706
V00389,UP60RG3049,P01475
V00390,DL27DU7410,P00134
V00391,RJ33ZA1979,P00144
V00392,KA86FQ2796,P01075
V00393,KA98VA5990,P00517
V00394,RJ54AR7002,P00057
V00395,TN61CY3196,P01859
V00396,KA42RD5591,P00162
V00397,GJ73GV8006,P01426
V00398,WB15NR8086,P00161
V00399,TN61YD2604,P00899
V00400,RJ58ZU7204,P01167
V00401,PB20DA9913,P00388
V00402,PB68ZG6524,P00301
V00403,TS62RK2570,P00375
V00404,TN55AJ8454,P00495
V00405,TN27JG9592,P00448
V00406,RJ40UA1229,P01840
V00407,DL94GP6199,P01540
V00408,PB24WB8080,P00203
V00409,TS52MJ8146,P01736
V00410,TN45QD1049,P00934
V00411,PB94FH6879,P01213
V00412,WB25BQ3708,P00648
V00413,TN93YM8449,P01689
V00414,KA73XT4009,P01373
V00415,PB28DK8466,P00748
V00416,KA76VX9529,P01139
V00417,PB33YJ3850,P01114
V00418,TS22WB9392,P00565
V00419,GJ25QM3914,P00824
V00420,WB82UG9416,P01262
V00421,RJ91ST9553,P01797
V00422,UP79WY3250,P01093
V00423,UP81UN7282,P00898
V00424,KA66DS6341,P01616
V00425,UP20KP5083,P01838
V00426,UP17TA6963,P01272
V00427,PB19PG4903,P01290
V00428,KA92WT3700,P01224
V00429,DL19SN3815,P00526
V00430,TS78AY2560,P00183
V00431,UP16YX4193,P01438
V00432,GJ52BG1588,P00762
V00433,GJ61WL6597,P01592
V00434,WB22TJ3171,P00397
V00435,DL49VA1228,P00790
V00436,GJ40YE3133,P00726
V00437,DL65AE3463,P00408
V00438,RJ73UW5326,P00697
V00439,MH56JY6789,P00327
V00440,KA26JW7358,P01927
V00441,PB93KF3317,P00024
V00442,UP54UF9055,P00929
V00443,WB25HA4951,P01347
V00444,TS29UR3724,P01131
V00445,DL48BF3448,P00863
V00446,UP14TD5725,P01600
V00447,TS51LA7489,P01299
V00448,GJ64WW6190,P00556
V00449,RJ85DH8561,P01898
V00450,MH52RW2805,P00232
V00451,TS31QW3733,P01743
V00452,WB64PF6340,P00912
V00453,TS33ZC7219,P01052
V00454,TN54NL6323,P00305
V00455,DL35GF1033,P00722
V00456,TS69DY5586,P00079
V00457,MH72DF8873,P01662
V00458,RJ73DV2447,P00113
V00459,GJ42WN1696,P01054
V00460,UP27DX3756,P00877
V00461,GJ55XQ6503,P01567
V00462,WB32VH3928,P00969
V00463,RJ40GW1655,P00321
V00464,KA82GA5743,P01873
V00465,WB21XC2318,P00791
V00466,UP76NW3113,P01535
V00467,DL65KV5529,P01525
V00468,MH28QS2160,P01015
V00469,TS33LF6115,P00596
V00470,WB36DR3943,P00844
V00471,KA20MW6450,P00805
V00472,DL84EA2241,P00356
V00473,UP49KD8248,P00127
V00474,WB46KG7181,P00132
V00475,PB13RY9935,P00375
V00476,WB29HJ4207,P01367
V00477,RJ27PU7042,P00192
V00478,PB94DG4058,P01878
V00479,MH52SL4503,P01519
V00480,RJ43SM9442,P00095
V00481,UP32WQ7506,P01277
V00482,KA35XG7681,P01155
V00483,PB10VD5898,P01442
V00484,KA13AT1705,P01237
V00485,KA56QH9142,P01268
V00486,KA25BL7643,P00909
V00487,TS37SB7877,P00756
V00488,KA55PZ8715,P00039
V00489,WB35KG6140,P00477
V00490,GJ53BE7947,P00957
V00491,WB41ZJ6148,P00662
V00492,TN10KJ3609,P00951
V00493,DL15XS4214,P00953
V00494,MH77QU1622,P00515
V00495,DL94SP6971,P00846
V00496,TS80MP5922,P01957
V00497,UP80BZ1398,P01982
V00498,KA51ZH1572,P00677
V00499,TS33DM7275,P00387
V00500,GJ13KA3123,P01914
V00501,WB20RC5870,P01138
V00502,WB26SH2277,P00649
V00503,TS74VP1182,P00202
V00504,MH57FT3052,P00369
V00505,WB35JU6325,P01645
V00506,RJ55PQ6060,P01429
V00507,TN91GN4408,P00308
V00508,KA51YA4678,P00282
V00509,TN60QR9395,P01809
V00510,DL73WX4682,P01411
V00511,KA60MR2328,P01943
V00512,TN20SR4410,P01643
V00513,RJ68QS6028,P00296
V00514,WB84QV9510,P01737
V00515,TN39NF1562,P00138
V00516,DL96DC5201,P00366
V00517,MH81CT4751,P01439
V00518,RJ28NB4830,P01438
V00519,GJ35DQ9436,P01227
V00520,KA41NR4971,P01263
V00521,GJ38PU8003,P01214
V00522,RJ80QZ1593,P00036
V00523,RJ44LG9812,P01429
V00524,TS26EC8761,P01710
V00525,MH29SE4997,P00153
V00526,TN41AH6760,P01898
V00527,PB17CT2172,P01022
V00528,MH30DW1820,P00691
V00529,KA51HT2151,P00324
V00530,MH49KP8168,P01616
V00531,PB55WL5033,P01382
V00532,GJ53JM6288,P01781
V00533,KA18SX1150,P01094
V00534,WB84LK5348,P01039
V00535,TS48TR2032,P01020
V00536,KA85LB7443,P01316
V00537,UP99DB9209,P00609
V00538,WB32YR7791,P00173
V00539,UP78AF5301,P01733
V00540,KA71JG5491,P00157
V00541,UP43EJ4572,P01858
V00542,MH43SD5778,P01088
V00543,TS86XN9348,P00392
V00544,UP56UF5581,P01233
V00545,TS45QH8981,P00255
V00546,RJ66GA8167,P00456
V00547,WB56WY7250,P00136
V00548,PB15TB7336,P00458
V00549,TN30YL9980,P00937
V00550,PB70QF7171,P00352
V00551,RJ63EE9187,P00996
V00552,TN75VC3252,P01781
V00553,WB56HY8273,P00334
V00554,KA14BV3689,P01914
V00555,PB86PW6650,P00305
V00556,MH73BR8506,P00138
V00557,UP21LS6163,P01086
V00558,KA28QU4375,P00714
V00559,KA52MU2529,P00831
V00560,TN34JV7662,P00916
V00561,MH88XR4755,P01007
V00562,TS90UD2503,P01519
V00563,KA75CD1318,P00211
V00564,MH21HX9390,P01282
V00565,MH56WE1255,P00819
V00566,WB73EX5461,P00483
V00567,TN14JY9797,P01124
V00568,KA21QQ3887,P00118
V00569,TN48RE3293,P00937
V00570,TN41UC2825,P00934
V00571,KA81HZ8305,P00642
V00572,PB78YY3206,P01651
V00573,UP67AJ9661,P00646
V00574,WB87GS9159,P01102
V00575,RJ29ND8091,P01806
V00576,RJ19ZN9660,P01797
V00577,RJ54JZ2940,P00169
V00578,TN73NF8252,P01310
V00579,PB42VQ2522,P00798
V00580,DL71CA3931,P01396
V00581,RJ65WH1244,P01181
V00582,MH24WM8989,P00445
V00583,MH47ME4076,P01810
V00584,PB22GJ4440,P01450
V00585,WB71KP9031,P01654
V00586,GJ50KE2003,P01767
V00587,UP61NN5670,P00682
V00588,MH66BR4220,P00218
V00589,UP18KJ3668,P00143
V00590,KA96AU1614,P01945
V00591,DL60RK6019,P00414
V00592,DL89HL4253,P01040
V00593,UP26KA8058,P01035
V00594,UP81UW4414,P01381
V00595,UP21XG6474,P01837
V00596,KA42NF5462,P00866
V00597,MH33CX8885,P01636
V00598,RJ17EL4314,P01090
V00599,TS96PZ9155,P01542
V00600,PB22AV3959,P01320
V00601,KA11TV7462,P01144
V00602,UP30WM2029,P00932
V00603,TN89DJ7057,P00723
V00604,PB31MG5885,P00821
V00605,WB79ZX2621,P00186
V00606,PB50EH7750,P00209
V00607,RJ66LH5885,P00359
V00608,WB88CE6849,P01580
V00609,TS58TM9965,P01974
V00610,GJ97JG4153,P00220
V00611,TN57VG3327,P01409
V00612,MH90RR2014,P01051
V00613,TS86MW5522,P00014
V00614,TS51DN1474,P01242
V00615,TN21WJ6983,P01377
V00616,UP34BZ4231,P01078
V00617,MH64LY7129,P00173
V00618,UP25EC9646,P00535
V00619,RJ59NR5090,P01403
V00620,PB14KU1223,P00883
V00621,KA49HG7579,P01933
V00622,DL61AZ7967,P01699
V00623,TS17FM4900,P01826
V00624,GJ80EX5660,P00111
V00625,TS76WH5681,P01446
V00626,GJ18DR5696,P01840
V00627,WB39SQ7616,P00913
V00628,UP86QW7724,P00593
V00629,TS39CY3721,P00614
V00630,RJ96MN1291,P01102
V00631,MH68VH8700,P00778
V00632,KA46DK2186,P01234
V00633,DL16EL1278,P00978
V00634,UP51GQ4519,P01425
V00635,TS51AF1207,P00854
V00636,KA35XT3157,P01828
V00637,UP23JP7352,P01541
V00638,GJ70CK9624,P00478
V00639,GJ49TT8744,P01036
V00640,UP97WR4211,P01007
V00641,KA82JN7025,P01983
V00642,RJ63XB3222,P00538
V00643,DL26KP1359,P00320
V00644,PB94NT2432,P00860
V00645,TN11CR5375,P01095
V00646,MH85YB2888,P01420
V00647,MH97FT8932,P01376
V00648,UP38GF2005,P01591
V00649,RJ21KP8862,P01251
V00650,MH34CE9372,P00808
V00651,PB20XH3323,P00235
V00652,RJ53FM3973,P01385
V00653,TN38YT7995,P00386
V00654,KA28FC8895,P01956
V00655,WB16QL8548,P01456
V00656,MH44RU5442,P00128
V00657,GJ44ET9556,P00866
V00658,RJ16MZ4864,P00280
V00659,UP59PQ1994,P00210
V00660,UP99NY2735,P01087
V00661,TN69NE3219,P00328
V00662,TN68XC2687,P01468
V00663,PB55EP7502,P00690
V00664,TS13NQ8412,P01535
V00665,PB51KJ8799,P01485
V00666,WB64SX3241,P01759
V00667,TN30QX8936,P01733
V00668,DL81LW6132,P00156
V00669,UP95QR1663,P00034
V00670,UP44TJ6859,P00851
V00671,UP98BH7052,P00793
V00672,GJ24CM7824,P00559
V00673,MH50TR4469,P00608
V00674,KA98FM4100,P01987
V00675,GJ24XS3029,P01926
V00676,TS25JH1845,P01237
V00677,MH32BN9359,P00152
V00678,TS64VD3122,P00489
V00679,PB96QD5012,P01519
V00680,TS81TZ9019,P01379
V00681,TN90BY1520,P01570
V00682,TN40EJ1098,P01747
V00683,MH98JU2415,P00193
V00684,UP16ZT2175,P01283
V00685,DL39RU8645,P01361
V00686,KA45WC8351,P00499
V00687,KA95PL5141,P01118
V00688,WB24BD1017,P01759
V00689,DL93DH4326,P00528
V00690,MH67SC5331,P01881
V00691,GJ96NH3816,P01840
V00692,WB82GJ9405,P00937
V00693,WB97HL6620,P01775
V00694,RJ79QW8139,P00475
V00695,TS76PP5926,P00335
V00696,RJ94JW3548,P01887
V00697,TN49CZ8265,P01946
V00698,TS86YP8907,P00923
V00699,TS62ED1127,P00276
V00700,RJ39ZL2033,P00119
V00701,PB17EK8937,P01717
V00702,GJ71WA8686,P01744
V00703,RJ14FC5304,P00953
V00704,TN56LB2313,P01297
V00705,UP91EG5507,P01310
V00706,PB82HD9742,P00529
V00707,WB95YQ6312,P00554
V00708,DL67BP9114,P01575
V00709,TS59RP1276,P01358
V00710,PB64SZ8456,P01149
V00711,KA76NH1837,P01066
V00712,WB38WV1576,P00039
V00713,TN38CN8289,P01379
V00714,MH44BJ3342,P00326
V00715,KA42BX8141,P01685
V00716,GJ63AN5140,P00089
V00717,GJ43NF8632,P01050
V00718,GJ62GS1179,P00010
V00719,TS23GR7016,P01059
V00720,RJ74BQ8414,P00761
V00721,RJ95MT4945,P01954
V00722,TS96XW2514,P00282
V00723,RJ75ML3496,P01153
V00724,TN77XV4560,P01178
V00725,UP98YW7686,P01980
V00726,DL36UM6286,P00534
V00727,TN17LJ2288,P00789
V00728,KA51MY1919,P01568
V00729,UP19RY9274,P00786
V00730,RJ71XE9967,P01064
V00731,RJ38PA6963,P00204
V00732,DL10XG6795,P01964
V00733,WB81HV6365,P00258
V00734,UP17BA8093,P00382
V00735,UP15BU9708,P01442
V00736,GJ41GZ2267,P01839
V00737,GJ54VH8415,P00430
V00738,WB16CB4432,P01035
V00739,MH61DY6490,P00994
V00740,RJ35AD3954,P01648
V00741,TN25TV3566,P00467
V00742,UP32EF5852,P00914
V00743,WB93LY2957,P00626
V00744,WB91FS6904,P00557
V00745,PB55VS8211,P01447
V00746,DL89PW1506,P00244
V00747,TS76PT7492,P01603
V00748,DL91WD9898,P00458
V00749,TN89RL3382,P01476
V00750,DL28UX1129,P00550
V00751,TN12SF9156,P00559
V00752,DL88SD7947,P01641
V00753,TN39GW8761,P00399
V00754,PB16BU1525,P00784
V00755,PB86ZC4707,P01216
V00756,TN22AW5606,P01800
V00757,MH59HG2853,P00550
V00758,GJ73GA1808,P01438
V00759,DL61KN2221,P01717
V00760,DL50TY6825,P00418
V00761,MH76VP8628,P00491
V00762,TS19ZU5777,P00680
V00763,KA92YG8018,P00249
V00764,DL87AG7712,P00149
V00765,GJ52JH9327,P00580
V00766,DL92EP4689,P00319
V00767,GJ33HR7831,P01977
V00768,TN51UN3676,P01672
V00769,GJ36MW4393,P00656
V00770,KA99XF8488,P01403
V00771,TN77BR7974,P00777
V00772,MH82PL6018,P00701
V00773,PB31WW6214,P00523
V00774,PB53ZC8421,P01999
V00775,TN31KU4940,P00358
V00776,TS80JT9929,P01605
V00777,GJ19AB6176,P01243
V00778,UP28RB7850,P01194
V00779,MH80QW2831,P01916
V00780,DL88QE9355,P00684
V00781,MH29AS3596,P00092
V00782,GJ47NA3125,P01050
V00783,UP97WG7701,P01031
V00784,RJ78PB2464,P00687
V00785,UP11JH4525,P01497
V00786,UP80XC9370,P00851
V00787,PB63RL1087,P00584
V00788,GJ44WY4430,P01417
V00789,RJ73FB8650,P01322
V00790,MH33TF8525,P01470
V00791,PB78BU9767,P02000
V00792,UP95UL4695,P00947
V00793,TN67YN4394,P00053
V00794,WB19BY6938,P01070
V00795,TS72TK9401,P00849
V00796,MH57KE6894,P00143
V00797,UP65WS1829,P01606
V00798,WB54AR8712,P01014
V00799,TN39UU7057,P01308
V00800,MH87DT2305,P00567
V00801,UP94GL1728,P01672
V00802,KA64ME9680,P01737
V00803,PB14LV8347,P00439
V00804,RJ66RT2801,P00094
V00805,UP23HB7085,P00866
V00806,TN22AA4303,P00192
V00807,PB87NE2260,P01842
V00808,TS83FG9707,P01790
V00809,GJ56CJ3164,P01261
V00810,TS28VJ3612,P01273
V00811,KA76YK1151,P00841
V00812,WB36HT6008,P01980
V00813,KA48QZ5291,P00207
V00814,RJ35LQ2765,P01071
V00815,KA76MG4841,P01634
V00816,TS23VM3012,P00310
V00817,WB44WS8216,P01082
V00818,PB72BS8285,P00610
V00819,GJ72JB1153,P01352
V00820,DL44GL7220,P01350
V00821,TS18AT3509,P00461
V00822,DL24DL1251,P01034
V00823,KA47XW9365,P00828
V00824,DL91DK2285,P00806
V00825,WB52MR9253,P01045
V00826,DL46MZ8487,P00562
V00827,TS54MT8487,P01054
V00828,WB73NR2278,P00759
V00829,TS48JR8524,P01125
V00830,RJ40GC2353,P01147
V00831,WB67MH2021,P01889
V00832,TN51GQ1858,P01667
V00833,TN95RD4481,P00151
V00834,TS84PU3472,P01681
V00835,DL82XE9623,P01828
V00836,KA97XQ4800,P00073
V00837,WB15JQ6464,P00922
V00838,MH82WQ5995,P01365
V00839,DL43DR6045,P01781
V00840,MH22XW2612,P01372
V00841,WB86MV5058,P00143
V00842,UP57RY2195,P01191
V00843,RJ50CN5370,P00494
V00844,RJ78LT5969,P01449
V00845,TS88QN3562,P01719
V00846,MH75UY8997,P01777
V00847,UP55ZY6080,P01757
V00848,KA15SZ5882,P01959
V00849,UP97DH6470,P00209
V00850,PB11JR8289,P00237
